"model","parameter","mean","sd","q025","q975"
"M2","Precision for cuenca_num",27.3830516064416,19.610976285459,3.4313344851779,77.4063107429249
"M3","Precision for cuenca_num",4.83116089140209,3.89842262909977,0.763631349759793,15.092227803728
"M3","Precision for id",0.324230158506893,0.0309576493718864,0.267402640541942,0.389175970581748
"M4","Precision for cuenca_num",21849.0939126478,23924.0724723076,1435.21741732636,85372.4853652969
"M4","Precision for id (iid component)",1.45235123822928,0.217176295921375,1.06802773081817,1.9210484972161
"M4","Precision for id (spatial component)",1.14132043565212,0.24222106324651,0.745720642385262,1.69499709537434
"M5","Precision for cuenca_num",22113.7276444205,24470.8920242504,1468.48255043345,87064.6330889181
"M5","Precision for id",0.398437292293383,0.0365212477527473,0.331043598555118,0.474710290580203
"M5","Beta for id",0.893832042364699,0.0431800792813476,0.791559538990475,0.958707662637548
"M1_nb","size for the nbinomial observations (1/overdispersion)",0.581407827911315,0.0405211880970793,0.505540448483579,0.664285381464617
"M5_nb","size for the nbinomial observations (1/overdispersion)",4.1977872256164,1.89438388700731,1.75420171079696,9.0299329084601
"M5_nb","Precision for cuenca_num",22088.3255410734,24288.7702875272,1475.85128124436,86570.5880015968
"M5_nb","Precision for id",0.654743426068866,0.16255821617262,0.382898632263861,1.01837681366826
"M5_nb","Beta for id",0.943925429479387,0.0324125842353071,0.859307783353658,0.983181851693217
"M4_nb","size for the nbinomial observations (1/overdispersion)",1.42718011624887,0.179717551165757,1.10423838419946,1.81064443943682
"M4_nb","Precision for cuenca_num",25059.9192130223,28312.1866108513,2013.83418584995,99785.4067026036
"M4_nb","Precision for id (iid component)",2370.2202185881,2738.78091305205,162.056234682747,9605.35830464842
"M4_nb","Precision for id (spatial component)",1.37397799951958,0.29749151327301,0.889789454054803,2.05544076955449
"M1_zip","zero-probability parameter for zero-inflated poisson_1",0.244363641394377,0.0198321208771361,0.206453338494098,0.284131399691208
"M5_zip","zero-probability parameter for zero-inflated poisson_1",0.0134985117199499,0.00831962620685965,0.00324265183548096,0.0347584839205647
"M5_zip","Precision for cuenca_num",21912.1813042748,23357.391976026,1505.16817454918,83940.8468435523
"M5_zip","Precision for id",0.418457687509696,0.0390810067186597,0.346969197617094,0.500707453331462
"M5_zip","Beta for id",0.900936100248158,0.0409813292736279,0.802931017462417,0.961559706410084
"M1_zinb","size for nbinomial_1 zero-inflated observations",0.594286390164875,0.0442445719959695,0.510803576693167,0.684898650490827
"M1_zinb","zero-probability parameter for zero-inflated nbinomial_1",0.0129278029796159,0.0138518844703129,0.000818106245917265,0.0502648419058493
"M5_zinb","size for nbinomial_1 zero-inflated observations",3.92379666787454,1.61461410704817,1.73596407095863,7.97083391430549
"M5_zinb","zero-probability parameter for zero-inflated nbinomial_1",0.0111949849834466,0.0150001313367141,0.0005915569928271,0.0511047905881969
"M5_zinb","Precision for cuenca_num",22099.4525345213,24362.3681189731,1471.68821847121,86771.9194521969
"M5_zinb","Precision for id",0.695454597730656,0.180278483456582,0.398917034915183,1.10339669028014
"M5_zinb","Beta for id",0.948890749574089,0.0303536463368206,0.86944631919297,0.98521679793891
"M1_hurdle","zero-probability parameter for zero-inflated poisson_0",0.273752559489039,0.0194041653704536,0.236573443979727,0.312581328515
"M5_hurdle","size for nbinomial_0 zero-inflated observations",3.22959094689299,0.820935888975198,1.92303019682639,5.13328864872931
"M5_hurdle","zero-probability parameter for zero-inflated nbinomial_0",0.273858245296256,0.0193936397553406,0.23676323192217,0.313064231537186
"M5_hurdle","Precision for cuenca_num",21618.8275611287,21684.4121882611,1551.28205963723,78960.8028214548
"M5_hurdle","Precision for id",1.17098290935255,0.286726620526557,0.707145590078894,1.82889047306948
"M5_hurdle","Beta for id",0.928304897057125,0.0354232499098464,0.84011749245204,0.976456357055456
