"model","family","DIC","WAIC","p_eff","MI_res","MI_p","max_abs_pearson","mlik"
"M1","poisson",10940.5320674084,27103.676979098,-1351.29524610544,0.512549076884811,4.73823372192854e-46,35.2528198762516,-6848.82552561244
"M2","poisson",9468.72298775881,20794.8294227353,-1865.34925590057,0.447007350153087,2.09734148178297e-35,35.6018201256701,-6639.10391788406
"M3","poisson",2601.73322431523,2703.63880882215,374.569347393168,0.243294669772915,5.26011098342108e-12,6.27725739684623,-1928.23241311368
"M4","poisson",2551.10447563981,2563.64388796662,389.070118437194,0.0887608490541579,0.0129622607535391,1.49449543768651,-1378.80191339159
"M5","poisson",2571.59553745135,2618.36011688771,392.257330392679,-0.172282710239333,3.01627542295521e-06,1.6801036697541,-1645.46383483761
"M1_nb","nbinomial",3452.61649798009,3453.52930151073,4.96288212914624,0.554613808672365,2.33061074445602e-53,35.0498529936781,-1751.03671250443
"M5_nb","nbinomial",2956.48651887093,2990.20825412674,237.460337448538,-0.141105945949164,0.000122841050358364,7.87086021260063,-1646.38950645558
"M4_nb","nbinomial",3193.86227468601,3206.52189608203,133.792240697851,0.255281936318146,7.26609736528215e-13,25.5563088580593,-1382.00148015242
"M1_zip","ZIP",9740.24774876719,31962.2349676867,-1232.00678395675,0.500080771526447,6.34750738108637e-44,33.5402184649635,-6131.92188151535
"M5_zip","ZIP",2575.02681085608,2566.80562352551,380.470762927547,-0.106488288575645,0.00120108601378564,10.4308692009379,-1651.366397575
"M1_zinb","ZINB",3454.64369036297,3455.27619910763,5.21734638571525,0.553406822346388,3.94838595625237e-53,34.6081891104063,-1754.45692414522
"M5_zinb","ZINB",2979.75708766548,2997.79749755756,232.451525954438,-0.128686501597976,0.000466947810954263,8.63123665669178,-1650.33892100988
"M1_hurdle","hurdle-P",9757.47463851299,31821.5883910214,-1238.75630773477,0.499321074505436,8.3970989179162e-44,33.6856174703672,-6147.37829027723
"M5_hurdle","hurdle-NB",3331.69387287434,3336.5750147318,166.527456026054,0.0989636324142509,0.00541889612125534,12.1394524218069,-1765.88122388417
