"model","family","statistic","observed","ppc_mean","ppc_q025","ppc_q975","bayes_p"
"M1_poisson","poisson","total",10837,10834.902,10551.475,11104.3,0.498
"M1_poisson","poisson","n_zero",144,21.456,14,29,0
"M1_poisson","poisson","max",304,326.468,291,363.05,0.896
"M1_poisson","poisson","variance",1689.83610718812,917.68271115698,849.685550878146,992.322133985153,0
"M5_poisson","poisson","total",10837,11022.758,10721.475,11280.1,0.896
"M5_poisson","poisson","n_zero",144,119.212,106,132.525,0
"M5_poisson","poisson","max",304,305.398,268,351.525,0.528
"M5_poisson","poisson","variance",1689.83610718812,1704.0108423031,1570.24114901322,1838.07674298389,0.58
"M4_poisson","poisson","total",10837,10986.498,10720.8,11257.05,0.852
"M4_poisson","poisson","n_zero",144,120.828,108,134.525,0.002
"M4_poisson","poisson","max",304,306.076,270,355,0.506
"M4_poisson","poisson","variance",1689.83610718812,1708.85343844288,1602.42562927757,1823.871801195,0.6
"M1_nb","nbinomial","total",10837,13683.806,10142.4,18150.75,0.94
"M1_nb","nbinomial","n_zero",144,128.69,104.475,153,0.112
"M1_nb","nbinomial","max",304,1007.304,418.7,2299.65,0.998
"M1_nb","nbinomial","variance",1689.83610718812,6590.37168060112,2232.72299366286,18186.1392022451,0.998
"M5_nb","nbinomial","total",10837,10676.674,9444.375,12123.225,0.378
"M5_nb","nbinomial","n_zero",144,124.16,109,138,0.006
"M5_nb","nbinomial","max",304,453.006,260.475,857.15,0.886
"M5_nb","nbinomial","variance",1689.83610718812,2091.62533158791,1323.56463905486,3711.61738321564,0.744
"M5_zinb","ZINB","total",10837,10529.612,9174.425,12144.675,0.31
"M5_zinb","ZINB","n_zero",144,126.724,113,143,0.024
"M5_zinb","ZINB","max",304,449.798,257,849.625,0.876
"M5_zinb","ZINB","variance",1689.83610718812,2048.79233129821,1221.34634618867,3604.91735614702,0.7
