"partition","fold","model","n","n_orphan","log_score","crps","rmse_median","mae_median","rmse_postmean"
"random",1,"BYM2",106,0,2.80142523854997,6.59584905660377,18.5622359583533,9.05660377358491,16.5337160937266
"random",1,"M1",106,0,9.17261329381515,11.6944339622642,21.7789061873406,13.5754716981132,21.7330451195264
"random",1,"M2",106,0,10.4829671768477,12.8353773584906,26.5614275588166,14.7358490566038,26.5572115213299
"random",1,"M2iid",106,0,2.94147722170234,9.91591194968553,28.4519621633271,12.9056603773585,47.1410808589428
"random",1,"M3",106,0,2.94141270276117,9.02424528301887,25.0957130068216,11.6179245283019,33.5541764050383
"random",1,"M4",106,0,2.80689397279084,6.49880503144654,18.6882315910308,8.95283018867925,17.0110718760888
"random",1,"M5",106,0,2.79744620159871,6.54088050314465,18.0187271554316,8.80188679245283,21.3435751172403
"random",2,"BYM2",105,0,4.21345885492317,10.113873015873,28.088465688996,12.7809523809524,32.026174554341
"random",2,"M1",105,0,14.4849034162041,14.291746031746,30.0737981195148,15.9333333333333,30.0785387273222
"random",2,"M2",105,0,13.395431119064,14.0025079365079,29.2850116059718,15.5857142857143,29.3245955245691
"random",2,"M2iid",105,0,3.20884154488131,12.8699682539683,34.3917556565939,15.9,48.1354477745428
"random",2,"M3",105,0,10.0811154644188,9.57647619047619,26.9011860244824,11.6238095238095,31.8229982147197
"random",2,"M4",105,0,3.27318666350755,9.54231746031746,27.8190582155471,12.4761904761905,28.6029874155029
"random",2,"M5",105,0,2.95587436639785,9.24606349206349,26.887021121015,12.2333333333333,28.3034795715567
"random",3,"BYM2",105,0,4.11155752695253,9.14425396825397,23.4483728748114,11.9285714285714,23.9976706299704
"random",3,"M1",105,0,10.2879220408539,13.7171428571429,27.5771212973294,15.6714285714286,27.6179153984194
"random",3,"M2",105,0,9.83711973401515,12.9907936507937,26.9771949546102,14.8619047619048,26.9923333333927
"random",3,"M2iid",105,0,3.29002462084788,12.7848888888889,28.7852061871736,13.9666666666667,69.3557816680436
"random",3,"M3",105,0,5.41842092471911,8.93587301587302,21.1176410118356,11.7190476190476,29.2980578503432
"random",3,"M4",105,0,3.43823030759835,8.88288888888889,23.930902516163,12.1380952380952,23.4173944245732
"random",3,"M5",105,0,3.06954564203151,8.53073015873016,21.401045813342,11.5809523809524,28.2839761582477
"random",4,"BYM2",105,0,3.10523815541944,13.0663174603175,43.5923212984865,16.1238095238095,47.6905456220221
"random",4,"M1",105,0,17.3751509477917,19.5569841269841,48.2464654515896,21.4142857142857,48.1636059154114
"random",4,"M2",105,0,18.3894521209282,20.8549206349206,55.6668021099008,22.7380952380952,55.645990385067
"random",4,"M2iid",105,0,3.28201180060268,16.5953015873016,54.471967452032,21.752380952381,84.4939017654883
"random",4,"M3",105,0,4.40545251705775,13.4702222222222,43.8836936848822,15.4238095238095,48.9005270768696
"random",4,"M4",105,0,3.20986892543543,13.2436507936508,44.4062147087759,16.1666666666667,47.7352697804415
"random",4,"M5",105,0,3.08264787836348,13.1502222222222,42.3728068683768,15.9,57.7843309699967
"random",5,"BYM2",105,0,3.28415575810542,10.0507936507937,29.4827229471932,13.9571428571429,29.692261445613
"random",5,"M1",105,0,14.6711905414909,16.3412063492063,33.1857686078722,18.3238095238095,33.1231131566613
"random",5,"M2",105,0,13.546338576874,15.6905714285714,31.559316789032,17.552380952381,31.6493947751098
"random",5,"M2iid",105,0,3.46449383294009,13.5985714285714,33.0723593410109,16.1428571428571,50.0537247484304
"random",5,"M3",105,0,3.54178672819012,11.4185714285714,33.6156497001308,16.3285714285714,35.9814417779205
"random",5,"M4",105,0,3.28218772351528,9.6807619047619,28.5423661714769,13.5047619047619,28.4606589089188
"random",5,"M5",105,0,3.27584556959912,9.79695238095238,29.1369099907578,13.5095238095238,32.4462218075012
"spatial_seed101",1,"BYM2",96,9,3.5131392887145,24.3630902777778,53.1489651827766,26.6354166666667,164.099484837749
"spatial_seed101",1,"M1",96,9,12.6393716774425,18.0874652777778,41.2810173788551,20.3802083333333,41.2213745528062
"spatial_seed101",1,"M2",96,9,12.4469782541969,18.2454166666667,49.9032136156247,20.6197916666667,49.9720422283525
"spatial_seed101",1,"M2iid",96,9,3.19566009523802,17.4273958333333,48.2278662531667,19.0416666666667,142.911621820699
"spatial_seed101",1,"M3",96,9,3.364298170101,14.3804166666667,44.7065081951163,17.6979166666667,173.628874617482
"spatial_seed101",1,"M4",96,9,3.3892579063686,19.0385069444444,42.5507356477731,21.484375,117.625465757695
"spatial_seed101",1,"M5",96,9,3.20810100667644,13.7482638888889,33.0061152793438,15.0677083333333,121.612895797373
"spatial_seed101",2,"BYM2",125,0,3.02755097231263,6.34394666666667,20.0486408516887,8.616,18.6709989340385
"spatial_seed101",2,"M1",125,0,8.35328194111302,8.47098666666667,22.9245283484743,9.748,22.9259165829956
"spatial_seed101",2,"M2",125,0,7.95813247794378,7.99994666666667,22.2534042339594,9.164,22.2034678764806
"spatial_seed101",2,"M2iid",125,0,2.96070957062207,6.86397333333333,25.5834321387886,9.56,20.7705760579468
"spatial_seed101",2,"M3",125,0,3.83175189350887,847.960373333333,430.920988117311,173.668,3884329.25993933
"spatial_seed101",2,"M4",125,0,3.04142808016016,6.61485333333333,19.3413029550752,8.388,24.3592887176704
"spatial_seed101",2,"M5",125,0,2.98835135223272,6.37754666666667,21.9747582466793,9.036,20.5102902964234
"spatial_seed101",3,"BYM2",97,3,3.98406997560552,18.8947079037801,49.4030603417847,25.3865979381443,48.1868062297818
"spatial_seed101",3,"M1",97,3,22.364526327036,24.8429209621993,47.3953268826081,27.2319587628866,47.4147602109484
"spatial_seed101",3,"M2",97,3,22.7491586408296,24.733676975945,47.8593299568384,27.0618556701031,47.8937743473003
"spatial_seed101",3,"M2iid",97,3,3.93010924226042,17.9619243986254,48.5416709068918,24.1134020618557,48.0870795933075
"spatial_seed101",3,"M3",97,3,5.00117269198439,25.4650859106529,57.1344047504266,28.9484536082474,169.73986107476
"spatial_seed101",3,"M4",97,3,4.03979676374496,19.7244329896907,51.8538787581801,25.7835051546392,48.3496361417025
"spatial_seed101",3,"M5",97,3,3.80667382099159,18.6687285223368,50.5251800039643,23.5360824742268,9155.78011955995
"spatial_seed101",4,"BYM2",110,7,2.32415259487171,12.0728484848485,36.918799103881,15.0954545454545,32.4887082775292
"spatial_seed101",4,"M1",110,7,20.1685144198813,15.0829696969697,34.6589225033166,16.1727272727273,34.5975426354447
"spatial_seed101",4,"M2",110,7,20.0447632184502,15.1019090909091,34.7356903172829,16.2454545454545,34.5777508088252
"spatial_seed101",4,"M2iid",110,7,3.05924528439999,13.5705151515152,38.0819391694946,16.1863636363636,34.3180553135511
"spatial_seed101",4,"M3",110,7,2.44061659758503,10.5647575757576,34.701584978211,14.3181818181818,61.1690989765316
"spatial_seed101",4,"M4",110,7,2.74077814154339,11.1876666666667,35.6731373343126,14.7090909090909,29.9787655382417
"spatial_seed101",4,"M5",110,7,3.01396209114634,12.7194848484848,36.4820005432318,15.3727272727273,32.8564799687098
"spatial_seed101",5,"BYM2",98,13,4.06910018502725,11.7313605442177,24.3192520528112,14.5765306122449,35.7355492600952
"spatial_seed101",5,"M1",98,13,14.8079267497508,21.3014965986395,38.7193591825873,23.8979591836735,38.5790150259407
"spatial_seed101",5,"M2",98,13,16.3807687378995,22.8888775510204,43.3185283447993,25.4387755102041,43.3771730735755
"spatial_seed101",5,"M2iid",98,13,4.11133621155413,25.3955782312925,52.8574806939011,28.4285714285714,159.59144480735
"spatial_seed101",5,"M3",98,13,84.7730338787217,50234.7973129252,45536.7515046576,20125.5918367347,1926769987.93181
"spatial_seed101",5,"M4",98,13,4.00572290813251,13.2693537414966,23.5708333258175,14.6479591836735,68.2095294560085
"spatial_seed101",5,"M5",98,13,4.11870688066028,14.9516666666667,25.2851593966557,15.515306122449,2798.74582787478
"spatial_seed202",1,"BYM2",97,3,3.99101961442941,18.8083505154639,49.4793250585275,25.0051546391753,48.0690039426383
"spatial_seed202",1,"M1",97,3,22.3361855980934,24.814089347079,47.3423319213638,27.180412371134,47.4147602109278
"spatial_seed202",1,"M2",97,3,22.6780796526851,24.7793127147766,47.8844453146612,27.1701030927835,47.8937743408141
"spatial_seed202",1,"M2iid",97,3,3.94794356018545,18.1171134020619,48.8093281603416,24.8865979381443,48.0870570175076
"spatial_seed202",1,"M3",97,3,4.49610179588178,26.6162886597938,57.2668063838212,29.2216494845361,169.732904754617
"spatial_seed202",1,"M4",97,3,4.00547440655023,19.4716151202749,52.1632301273568,25.7061855670103,48.3600127063913
"spatial_seed202",1,"M5",97,3,3.82887589048448,18.6045704467354,50.8617238053687,23.6340206185567,9388.56173769708
"spatial_seed202",2,"BYM2",98,13,4.09754473532174,12.1372448979592,24.0598742935288,14.5816326530612,35.7871616344406
"spatial_seed202",2,"M1",98,13,14.8139024320283,21.1892176870748,38.3752617487583,23.7295918367347,38.5790150259284
"spatial_seed202",2,"M2",98,13,16.3553441513272,22.8406802721088,43.263726145583,25.4489795918367,43.3771730868397
"spatial_seed202",2,"M2iid",98,13,4.16624092598443,25.4496598639456,51.3869871560845,28.3469387755102,159.593450188346
"spatial_seed202",2,"M3",98,13,76.6428068182225,50444.138537415,60229.3364647129,26711.9183673469,1926834186.46973
"spatial_seed202",2,"M4",98,13,4.04677626682118,13.0656462585034,23.2501920114959,14.5,68.0539953481267
"spatial_seed202",2,"M5",98,13,4.10936901447319,14.5987074829932,25.3081014696875,15.3877551020408,2732.66987319371
"spatial_seed202",3,"BYM2",125,0,3.00590356392675,6.31906666666667,20.9025357313413,8.84,18.6664897401994
"spatial_seed202",3,"M1",125,0,8.34355444068905,8.48013333333333,22.9473309994866,9.712,22.925916583034
"spatial_seed202",3,"M2",125,0,7.92430551751319,7.98272,22.2439654738088,9.092,22.2034678509879
"spatial_seed202",3,"M2iid",125,0,2.96381237026726,6.7724,25.0482733935894,9.456,20.7705742920531
"spatial_seed202",3,"M3",125,0,3.84051910156427,1582.42290666667,635.689512262079,221.208,3883955.16670047
"spatial_seed202",3,"M4",125,0,3.03875424516833,6.63266666666667,18.9465036352357,8.396,24.3566965737829
"spatial_seed202",3,"M5",125,0,2.99186389462365,6.57528,22.6247209927548,9.092,20.5065294609268
"spatial_seed202",4,"BYM2",96,9,3.49478745402532,26.7025694444444,56.269927025899,26.1510416666667,163.653470689248
"spatial_seed202",4,"M1",96,9,12.6349588381243,17.993125,41.204836386845,20.28125,41.2213745527905
"spatial_seed202",4,"M2",96,9,12.4358680299727,18.2614236111111,50.012446367546,20.5416666666667,49.9720422284213
"spatial_seed202",4,"M2iid",96,9,3.16961633305182,17.0506597222222,45.3784433955155,18.40625,142.912416786505
"spatial_seed202",4,"M3",96,9,3.38297875266618,15.8532291666667,45.6994825827748,18.1354166666667,173.63782278192
"spatial_seed202",4,"M4",96,9,3.3967247050106,19.8681597222222,45.7590211961897,21.7552083333333,117.642845837507
"spatial_seed202",4,"M5",96,9,3.18985117487997,13.5698958333333,33.3807735330784,14.9270833333333,119.975627164821
"spatial_seed202",5,"BYM2",110,7,2.38554749272071,11.8753939393939,37.1277891514257,15.1181818181818,32.4369971756182
"spatial_seed202",5,"M1",110,7,19.9153836044797,15.0610303030303,34.6687572213474,16.1636363636364,34.5975426354115
"spatial_seed202",5,"M2",110,7,20.0131012030471,15.0744848484848,34.6715432176145,16.1772727272727,34.5777508295344
"spatial_seed202",5,"M2iid",110,7,3.58993141605331,13.3665454545455,37.8121853856183,16.0681818181818,34.318560257353
"spatial_seed202",5,"M3",110,7,2.51252219214205,10.5985757575757,34.3249180625388,14.1818181818182,61.1599083314308
"spatial_seed202",5,"M4",110,7,2.56677531770582,11.2660909090909,35.892516312913,14.7363636363636,30.0019523265655
"spatial_seed202",5,"M5",110,7,2.81776926061921,12.9928181818182,36.8871744155558,15.5181818181818,32.8564636899823
"spatial_seed20260820",1,"BYM2",98,13,4.11969657311716,11.8921088435374,25.0492372281929,14.8061224489796,34.5033466878935
"spatial_seed20260820",1,"M1",98,13,14.8067683515372,21.2412244897959,38.4038688527229,23.7857142857143,38.5790150258799
"spatial_seed20260820",1,"M2",98,13,16.3120966014542,22.8690476190476,43.4339164943805,25.4897959183673,43.3771730023023
"spatial_seed20260820",1,"M2iid",98,13,4.12786740412536,26.3521088435374,53.090339833848,28.5867346938776,159.591336459055
"spatial_seed20260820",1,"M3",98,13,93.0254748515962,61699.2943197279,75536.6309156136,32971.1224489796,1926828550.0901
"spatial_seed20260820",1,"M4",98,13,4.03268373836456,13.4998299319728,23.06877472574,14.2551020408163,67.9790090541303
"spatial_seed20260820",1,"M5",98,13,4.15539434957571,16.053775510204,26.8726683848562,15.9132653061224,2892.96829930949
"spatial_seed20260820",2,"BYM2",96,9,3.50194668013821,25.4245486111111,56.4778717729342,27.0833333333333,164.012701959351
"spatial_seed20260820",2,"M1",96,9,12.5521974139515,18.0282638888889,41.1611733008183,20.3489583333333,41.2213745527612
"spatial_seed20260820",2,"M2",96,9,12.4788097156831,18.2278125,49.7544491310409,20.46875,49.9720421954508
"spatial_seed20260820",2,"M2iid",96,9,3.18568676899381,16.8047222222222,50.6640795666252,18.7604166666667,142.912816583193
"spatial_seed20260820",2,"M3",96,9,3.34857620904428,16.3396875,41.3909523628051,16.984375,173.629481810743
"spatial_seed20260820",2,"M4",96,9,3.40759144299155,20.4488888888889,42.4158480602082,21.9583333333333,117.621667648597
"spatial_seed20260820",2,"M5",96,9,3.19492495115791,13.9417361111111,30.9273341883842,14.625,121.615122681551
"spatial_seed20260820",3,"BYM2",125,0,3.00867237487395,6.15090666666667,19.948734295689,8.472,18.6665008177685
"spatial_seed20260820",3,"M1",125,0,8.2968249022397,8.47776,22.9956952493287,9.756,22.925916583023
"spatial_seed20260820",3,"M2",125,0,7.97795097776556,8.00165333333333,22.2131942772758,9.076,22.2034703972291
"spatial_seed20260820",3,"M2iid",125,0,2.98030272634624,7.00861333333333,25.4274261379322,9.564,20.7705770275934
"spatial_seed20260820",3,"M3",125,0,3.84843985738942,1065.23389333333,551.586517239136,204.996,3883945.64711163
"spatial_seed20260820",3,"M4",125,0,3.06631852529159,6.74,19.2337203889419,8.688,24.3592277497797
"spatial_seed20260820",3,"M5",125,0,2.98282047526799,6.354,22.5938487203929,9.116,20.5028555205806
"spatial_seed20260820",4,"BYM2",110,7,2.46327123072342,11.9164545454545,36.9019893526327,15.0590909090909,32.4811845580362
"spatial_seed20260820",4,"M1",110,7,20.184603826134,15.0606363636364,34.6465923813059,16.1272727272727,34.5975426354175
"spatial_seed20260820",4,"M2",110,7,20.0701403917172,15.062,34.6726247793689,16.1636363636364,34.5777507377749
"spatial_seed20260820",4,"M2iid",110,7,3.04461532644524,13.4444848484848,37.9305585607077,16.1727272727273,34.3180589016386
"spatial_seed20260820",4,"M3",110,7,2.54728355782844,10.4114242424242,34.6701994120704,14.2181818181818,61.1672971290424
"spatial_seed20260820",4,"M4",110,7,2.28893886248738,11.2364848484848,36.1183660155933,14.7636363636364,29.9929868172239
"spatial_seed20260820",4,"M5",110,7,2.84839821625596,12.5762727272727,36.3551609441181,15.3681818181818,32.856468214067
"spatial_seed20260820",5,"BYM2",97,3,3.97663398435471,18.8561512027491,50.179908288839,25.5,48.2064706543076
"spatial_seed20260820",5,"M1",97,3,22.4490775963625,24.8551890034364,47.4721839335698,27.2680412371134,47.4147602109027
"spatial_seed20260820",5,"M2",97,3,22.6641603079852,24.6839175257732,47.8712297646014,27.1546391752577,47.8937743448362
"spatial_seed20260820",5,"M2iid",97,3,3.95526292835979,18.0297250859107,49.7443205067716,24.7268041237113,48.087057325478
"spatial_seed20260820",5,"M3",97,3,4.85399690294536,25.3149484536082,56.4051982688881,28.5773195876289,169.734552649359
"spatial_seed20260820",5,"M4",97,3,4.02618238807667,19.4472508591065,52.0764208471303,25.8453608247423,48.359357334944
"spatial_seed20260820",5,"M5",97,3,3.79119574700216,18.6695532646048,51.0042448203159,23.7010309278351,9306.56561235801
