"type","model","n","log_score","crps","rmse_median","mae_median","median_rmse_postmean_fold"
"random","BYM2",526,3.50183299677444,9.78813688212928,29.8250762128559,12.7623574144487,29.692261445613
"random","M1",526,13.1907025446961,15.1137896070976,33.3532339200827,16.9771863117871,30.0785387273222
"random","M2",526,13.1252288661376,15.2701964512041,35.721814116899,17.0903041825095,29.3245955245691
"random","M2iid",526,3.23680727076807,13.1467743979721,37.0849912760778,16.1273764258555,50.0537247484304
"random","M3",526,5.27319617510112,10.4823003802281,31.1511478344995,13.3393536121673,33.5541764050383
"random","M4",526,3.20132222665736,9.56384664131812,29.9239530439992,12.6406844106464,28.4606589089188
"random","M5",526,3.03581789028635,9.44743346007605,28.7930616510218,12.398288973384,28.3034795715567
"spatial","BYM2",1578,3.35337085587812,14.3413878326996,38.8521110570175,17.4641951837769,35.7355492600952
"spatial","M1",1578,15.3692152643493,16.995553443177,37.1080381529933,18.8602661596958,38.5790150259284
"spatial","M2",1578,15.5861459578736,17.2044064216308,39.9504961414979,19.0475285171103,43.3771730735755
"spatial","M2iid",1578,3.4599986465613,15.6905133079848,42.8099689449156,18.8925855513308,48.087057325478
"spatial","M3",1578,18.7336245019699,10371.0205386565,26617.447594182,5015.47148288973,173.629481810743
"spatial","M4",1578,3.36678630646729,13.621491339248,36.1134320530666,16.5152091254753,48.359357334944
"spatial","M5",1578,3.37014215205474,12.9795373891001,34.517138154292,15.361216730038,121.612895797373
