"model","term","mean","sd","q025","q975"
"M1","(Intercept)",-15.5509522400937,0.0130254601973391,-15.5764816729625,-15.5254228072248
"M1","RainfallDaysmean",0.150626693922149,0.013162772372735,0.12482813413489,0.176425253709409
"M1","elev_mean",0.412570241525628,0.0154410010832287,0.382306435517256,0.442834047534
"M1","slope_mean",0.617356323307797,0.0127517728400268,0.592363307802309,0.642349338813286
"M2","(Intercept)",-15.6836125185794,0.141947206504716,-15.975341399386,-15.393631125501
"M2","RainfallDaysmean",0.298620624357104,0.0149976476161125,0.269211371004687,0.328029174906524
"M2","elev_mean",0.485368994654157,0.0159502429914339,0.454092173479725,0.516645861969995
"M2","slope_mean",0.660893883387051,0.0131082999643142,0.635189897737203,0.686598049262682
"M2iid","(Intercept)",-16.6318579327135,0.275431542574482,-17.1980268337402,-16.0813439956976
"M2iid","RainfallDaysmean",0.149996972631778,0.0959694254913703,-0.0386700238258868,0.337909239155808
"M2iid","elev_mean",0.753855999256257,0.100854626435786,0.557139972802375,0.95288151547496
"M2iid","slope_mean",0.942932402032904,0.0840621096563374,0.778945711546329,1.1088043046919
"M3","(Intercept)",-16.856165622863,0.356322696787988,-17.586946039525,-16.1442086460069
"M3","RainfallDaysmean",1.35635252858605,0.115412115447923,1.13109131679148,1.58381116480214
"M3","elev_mean",0.833000350568125,0.128103918567992,0.583061823196446,1.08570947147152
"M3","slope_mean",0.728909912202356,0.0942419239826629,0.544883680096492,0.914665722031621
"M4","(Intercept)",-16.7447608541191,0.0765347270303712,-16.8968130880616,-16.5966707011562
"M4","RainfallDaysmean",0.138871514390509,0.134975155287826,-0.124523125324532,0.405113604624617
"M4","elev_mean",0.410143059271118,0.118528706011678,0.178077358801532,0.643270046454998
"M4","slope_mean",0.74202863532176,0.0905323161463312,0.564749931452093,0.920007455030533
"M5","(Intercept)",-16.7490409766595,0.239877039465235,-17.2498569497965,-16.2952843866508
"M5","RainfallDaysmean",0.121849508594318,0.153999963176146,-0.178237957205157,0.426449045962265
"M5","elev_mean",0.652821424881486,0.128692627080624,0.400533586252483,0.90562943249423
"M5","slope_mean",0.841003913432355,0.105619369537672,0.633990654393005,1.04852281011417
"BYM2","(Intercept)",-16.764655728166,0.0812779114747495,-16.926317531778,-16.6077146249242
"BYM2","RainfallDaysmean",0.191148970293156,0.131606880128443,-0.0651932357920721,0.451173958549073
"BYM2","elev_mean",0.45180307396962,0.115687151536189,0.225647204342966,0.679666696134839
"BYM2","slope_mean",0.788007249327558,0.0896606479354092,0.612586599556894,0.964443346152557
"M5_pcprior","(Intercept)",-16.742557339812,0.238324312705446,-17.2410174724294,-16.2921009803857
"M5_pcprior","RainfallDaysmean",0.121936619503089,0.152848973160778,-0.175834046667,0.424346895718608
"M5_pcprior","elev_mean",0.651620810689818,0.12772214827637,0.401204562036679,0.902491027316634
"M5_pcprior","slope_mean",0.839807740684514,0.1048486980303,0.634273963936039,1.04578173143573
"M4_nobasin","(Intercept)",-16.7442575344672,0.0756829260512869,-16.8945409567284,-16.5975423843761
"M4_nobasin","RainfallDaysmean",0.137648763749351,0.13427298259106,-0.124416414153214,0.402500080696699
"M4_nobasin","elev_mean",0.409511878518162,0.118348516719472,0.177761270697144,0.642199086269639
"M4_nobasin","slope_mean",0.74193248491272,0.0902873894710786,0.565108251175268,0.919374823547672
"M5_nobasin","(Intercept)",-16.7501417469216,0.240628751190875,-17.2485848202395,-16.2948373912212
"M5_nobasin","RainfallDaysmean",0.122630658084694,0.153982732573353,-0.177624231940461,0.426898672039137
"M5_nobasin","elev_mean",0.652345633229607,0.128554940171585,0.400279064396418,0.904790866267091
"M5_nobasin","slope_mean",0.840712359748334,0.105565779323246,0.633751445686225,1.04803926579675
"M4_basinfixed","(Intercept)",-16.9694555998147,0.127410061369574,-17.2214955650464,-16.7215585678809
"M4_basinfixed","RainfallDaysmean",0.211439989250423,0.138893937775898,-0.0596035837808963,0.485475556802264
"M4_basinfixed","elev_mean",0.468953344555455,0.120544476653786,0.232753831662989,0.705810833189261
"M4_basinfixed","slope_mean",0.787964416662948,0.0936345014777069,0.604377204429696,0.971790647988081
"M4_basinfixed","basin_fCauca",0.396383008290743,0.183301841123957,0.036321074994493,0.75559983801044
"M4_basinfixed","basin_fMagdalena",0.295786545532124,0.22584010852838,-0.147833414141765,0.738305864705346
"M5_basinfixed","(Intercept)",-16.7386294188167,0.3277027200344,-17.3723250794841,-16.0810444247531
"M5_basinfixed","RainfallDaysmean",0.0979024302943925,0.159521690506419,-0.214435286221024,0.411874317527659
"M5_basinfixed","elev_mean",0.64310757131361,0.135641239585733,0.376604090533773,0.908909957369971
"M5_basinfixed","slope_mean",0.842040513777245,0.105945670225601,0.634322869863039,1.05009868939704
"M5_basinfixed","basin_fCauca",-0.0967437372525809,0.299034389828799,-0.688202773344455,0.485174265304558
"M5_basinfixed","basin_fMagdalena",0.128091043361336,0.372347704768592,-0.613864011768374,0.847187107501511
"M4_lith_lc","(Intercept)",-16.7448680518907,0.126260039077936,-16.9955956556601,-16.5002111516097
"M4_lith_lc","RainfallDaysmean",0.143080340243423,0.142358421391529,-0.134773063152798,0.423922830304267
"M4_lith_lc","elev_mean",0.392854224032081,0.121397632600447,0.15510037506359,0.631569392018365
"M4_lith_lc","slope_mean",0.693474303008725,0.106416563710638,0.484786173815373,0.902402718960686
"M4_lith_lc","geosediment",-0.230352018173903,0.259020729407588,-0.737859234790395,0.278566582287457
"M4_lith_lc","geovolcanic",0.0758870191269229,0.165894029147091,-0.248707590366026,0.402257239150947
"M4_lith_lc","lcgrass",-0.0331544801165538,0.162854645054307,-0.35291586087928,0.2861842815182
"M5_lith_lc","(Intercept)",-16.7452060648993,0.259122941680787,-17.2820811491142,-16.2531762556342
"M5_lith_lc","RainfallDaysmean",0.153287960511943,0.160121024338275,-0.158931328916716,0.46976137569114
"M5_lith_lc","elev_mean",0.644324813385847,0.13040576455881,0.388636343889685,0.900456431489006
"M5_lith_lc","slope_mean",0.800689782927794,0.111081237645749,0.583147302311499,1.01908482617241
"M5_lith_lc","geosediment",-0.454289040326425,0.282919863700916,-1.01005145734955,0.100175269305699
"M5_lith_lc","geovolcanic",0.14457987962579,0.199710716134202,-0.247521339746594,0.536177609257966
"M5_lith_lc","lcgrass",0.00779064854396601,0.153993630826607,-0.293382521205419,0.310965551990154
"M4_rw2","(Intercept)",-16.601866314751,0.0844014864402752,-16.7692117565513,-16.4378913637715
"M4_rw2","RainfallDaysmean",0.144868628356909,0.13644210788756,-0.120111390773239,0.415492832310667
"M5_rw2","(Intercept)",-16.5705406799562,0.226357197107672,-17.0402508596522,-16.1432356182302
"M5_rw2","RainfallDaysmean",0.163923749586624,0.152969541046361,-0.134508647960385,0.466119029101955
"M5_noslope","(Intercept)",-16.8357064740157,0.368440328170616,-17.6064841804059,-16.1335625613228
"M5_noslope","RainfallDaysmean",0.143564887884596,0.17402273647152,-0.196415884201564,0.486595214200941
"M5_noslope","elev_mean",0.684967057549462,0.144419253242311,0.402816503836976,0.96946936038772
"M5_permslope","(Intercept)",-16.8320697839085,0.362849563507852,-17.5923230047597,-16.1415124609268
"M5_permslope","RainfallDaysmean",0.141953063957285,0.173735494483923,-0.197438640908308,0.48447008240076
"M5_permslope","elev_mean",0.6917617496873,0.144445820127286,0.409376955011333,0.97612562152041
"M5_permslope","slope_perm",0.0464662668434325,0.0493449559801098,-0.0502772779618497,0.143378893589318
