"model","DIC","pD","WAIC","pWAIC","mlik","logscore_CPO","cpo_failures","MI","MI_p_two_sided","max_abs_pearson","prec_id","rho_leroux","rho_q025","rho_q975","phi_bym2","phi_q025","phi_q975","prec_basin","prec_basin_sd","sd_latent_field","r_field_vs_M5","r_field_vs_M4"
"M1",10940.5320673959,-1351.29524611168,27103.6769862971,8618.42201436993,-6848.82552563363,12.8078612665986,0,0.512549076884677,0,35.2528198762818,NA,NA,NA,NA,NA,NA,NA,NA,NA,NA,NA,NA
"M2",9468.72299107715,-1865.34925420589,20794.8293341799,5584.04207932866,-6639.103918713,12.2369499560126,0,0.447007349637184,0,35.6018201267552,NA,NA,NA,NA,NA,NA,NA,27.3830527698697,19.6109761302925,NA,NA,NA
"M2iid",2605.24679631687,420.962312226769,2638.96727462717,311.896314408717,-1734.42790767448,16.945342135229,351,0.334791572715631,0,1.28309108140033,0.570660121772856,NA,NA,NA,NA,NA,NA,9.34958407910501,8.41740443761588,1.12541419946619,NA,NA
"M3",2601.73200323482,374.569227684371,2703.63547951961,328.863847344458,-1928.23236692864,15.4714484874577,342,0.243293490675447,0,6.27714130339402,0.324228254207894,NA,NA,NA,NA,NA,NA,4.83131379351885,3.89865090048177,1.94678545369864,NA,NA
"M4",2551.10442649,389.070097191816,2563.64380664142,279.687380701207,-1378.8019384031,16.261365889444,344,0.0887609150560027,0.012,1.49449516193255,1.45235007944464,NA,NA,NA,NA,NA,NA,21848.3440510386,23917.7147734973,1.84945516419269,NA,1
"M5",2571.58315776908,392.236290030595,2618.36340365871,302.438779738108,-1645.4812689441,16.0646023467512,341,-0.172349128620339,0.002,1.68022638061247,0.398445921136467,0.893791959313224,0.791184392732633,0.958636908145136,NA,NA,NA,21705.9209772042,22377.9757354024,1.40918125413644,1,NA
"BYM2",2553.51140428953,391.022236654051,2568.07797385557,282.087412246696,-1636.52068468274,16.1112997896626,344,0.109699645634412,0,1.48701329546186,0.367953088020222,NA,NA,NA,0.716461036013572,0.584922828910475,0.822858057019943,21882.9212576904,25158.5284183868,1.90887225087108,NA,NA
"M5_pcprior",2571.95008750603,391.266929157345,2618.22417402754,301.706204878294,-1640.623169418,16.0022979689727,341,-0.173577124785474,0.002,1.68775153707271,0.405521705523436,0.894679730181393,0.794271665761655,0.959392574119784,NA,NA,NA,22684.3022027139,27712.4624274654,1.40478767374389,0.999996452429738,NA
"M4_nobasin",2551.00087163059,388.895995406841,2563.49680202005,279.563178798492,-1377.90355104987,16.3209601391145,345,0.0885800384252816,0.016,1.49519063734281,1.45232283474608,NA,NA,NA,NA,NA,NA,NA,NA,1.85056258668537,NA,0.999999161660086
"M5_nobasin",2571.37031468194,392.068850220511,2618.64364057257,302.600356850509,-1644.55440722634,16.2624233116112,345,-0.173073391093305,0.002,1.68085351167674,0.398457632907447,0.893829308841623,0.791571190885441,0.95869915979158,NA,NA,NA,NA,NA,1.41146307230942,0.999993711518024,NA
"M4_basinfixed",2548.31234572183,387.392632356077,2556.41666599812,276.072995219699,-1385.61287240208,16.1718591852781,345,0.0727535994855798,0.052,1.50653828412101,1.46163504579357,NA,NA,NA,NA,NA,NA,NA,NA,1.62222415500858,NA,0.992077913833738
"M5_basinfixed",2572.35976946819,393.102213158263,2622.18958398555,304.630809170512,-1653.64360474295,17.4539763901645,357,-0.171598479617755,0.002,1.67582977076523,0.396250816857938,0.893743726273118,0.780071694538526,0.962093672606372,NA,NA,NA,NA,NA,1.41308242088857,0.998314001174768,NA
"M4_lith_lc",2551.98776197933,389.782939568974,2565.98086309542,281.013146039355,-1393.59191711784,16.4437765298823,344,0.0940971098065898,0.014,1.50493640416389,1.44763037982357,NA,NA,NA,NA,NA,NA,21957.0060458897,24669.2711657648,1.90891049821561,NA,0.999157182623154
"M5_lith_lc",2571.74306862525,392.202572241711,2619.70459367534,303.184489877449,-1658.81224532104,16.0790645578332,341,-0.174416964770773,0.002,1.67088567951519,0.39946901721544,0.898800422013613,0.79862626794038,0.961301304594742,NA,NA,NA,22108.5790407314,24474.6850421752,1.42076128805524,0.996393873452168,NA
"M4_rw2",2549.77777864069,390.188018236442,2561.82713169884,279.861798666518,-1428.73946520812,16.1748063820599,344,0.0819717112658933,0.028,1.47199619542399,1.40244707007886,NA,NA,NA,NA,NA,NA,20121.2984557516,22167.4076694454,1.82489713650118,NA,0.999327363532818
"M5_rw2",2566.77523834714,389.357547128706,2609.81403589722,298.562012587232,-1694.95123361956,15.9530170936279,341,-0.177115094533935,0.002,1.68581704945865,0.417410857551381,0.879563330753133,0.769391791290863,0.950768300547975,NA,NA,NA,22154.8540890406,24065.6456796078,1.3303321007997,0.975034437775905,NA
"M5_noslope",2576.56806202906,402.28793359547,2636.10404940672,315.047357894628,-1667.68705969274,16.4846428242728,343,-0.12273371768942,0.004,1.78855384225286,0.339873123618388,0.945000656383346,0.87800423177512,0.980512544126017,NA,NA,NA,22463.5671702819,26407.9164650788,1.83676048551726,0.896699009151764,NA
"M5_permslope",2577.01969127783,402.703996800873,2636.8185524389,315.426793443215,-1673.70071360106,16.4958157925262,343,-0.120498383695835,0.004,1.76520057365038,0.338770699336851,0.945071903953831,0.882452714113149,0.980792742393253,NA,NA,NA,22736.9568525595,28044.3947429659,1.82598242544045,0.897211248307558,NA
