"model","term","x","mean","q025","q975"
"M5_rw2","slope_g",-2.51112405996226,-1.57896518180945,-2.16746795541085,-0.991516178844876
"M5_rw2","slope_g",-2.15663324680755,-1.35607370530041,-1.86023552654081,-0.852717684014418
"M5_rw2","slope_g",-1.93977397608519,-1.21971852381968,-1.67258431685558,-0.76754718116304
"M5_rw2","slope_g",-1.73034911619584,-1.08803951116997,-1.49159393045265,-0.685100001754666
"M5_rw2","slope_g",-1.409173787363,-0.886093828451744,-1.21447699998845,-0.558247448931765
"M5_rw2","slope_g",-1.14012697968875,-0.716922587108109,-0.982808375349283,-0.451520144406687
"M5_rw2","slope_g",-0.925250356637252,-0.581818768861058,-0.798155146312401,-0.365874196744753
"M5_rw2","slope_g",-0.627800790647947,-0.394885368644065,-0.543333798145186,-0.246357937687438
"M5_rw2","slope_g",-0.375454788829761,-0.236552757647439,-0.328595304660477,-0.142969047154643
"M5_rw2","slope_g",-0.123812026682199,-0.0790771768578882,-0.119384071645351,-0.0326836044038515
"M5_rw2","slope_g",0.133741781191665,0.081917289124035,0.0406832492619904,0.128771014820565
"M5_rw2","slope_g",0.36709270090112,0.227722124969732,0.138640707964975,0.318644301802642
"M5_rw2","slope_g",0.664491841559547,0.413168489568873,0.258113621040017,0.568772161790128
"M5_rw2","slope_g",0.925571963530224,0.575863010367919,0.361788006956575,0.79028797781721
"M5_rw2","slope_g",1.16101784829413,0.722579453133329,0.454854627574705,0.990714333260002
"M5_rw2","slope_g",1.45174770785109,0.903691315140706,0.569290733353098,1.2386683451798
"M5_rw2","slope_g",1.68517632583158,1.04908440934226,0.660828655078022,1.43805598375996
"M5_rw2","slope_g",1.92334115119349,1.19740989718747,0.753918465499531,1.64173362352399
"M5_rw2","slope_g",2.15701068010753,1.34291273714609,0.844952710223006,1.84178018628876
"M5_rw2","slope_g",2.60773688292825,1.62355427558668,1.01977947679817,2.22824503332436
