"id","PC1","PC2","lands","basin"
1,2.7261413146722,0.354512338251429,4,"Cauca"
2,2.50102439150244,0.520192838037409,6,"Cauca"
3,2.46617065044099,0.251252091861492,6,"Cauca"
4,1.67714645405964,-1.05520180089643,8,"Cauca"
5,2.82683346938937,0.575064692319192,6,"Cauca"
6,2.00179796696932,-0.651452342188389,1,"Cauca"
7,-1.76930654434312,1.18105867769184,0,"Cauca"
8,1.03665057285401,-0.0324086026985203,171,"Cauca"
9,0.890223812277336,-0.183049687625319,14,"Cauca"
10,0.913301448404561,1.33526904434322,21,"Cauca"
11,1.24762891687354,0.389887587258371,19,"Cauca"
12,0.111034313665833,1.55515985719107,34,"Cauca"
13,-0.104231042186513,0.946670969919348,49,"Cauca"
14,-0.489939882512924,0.940568068062906,4,"Cauca"
15,0.877184193149784,0.941281719624963,23,"Cauca"
16,-0.48390601821224,0.391198208801668,39,"Cauca"
17,-0.257336387967466,0.889471780038883,108,"Cauca"
18,-1.12805150368293,1.41762569362776,110,"Cauca"
19,-0.682210419289881,1.05439369274613,134,"Cauca"
20,-1.24316334134691,1.46719406172306,0,"Cauca"
21,-1.26752917602646,1.42655573763617,22,"Cauca"
22,-0.58967704529073,1.92806434842427,34,"Cauca"
23,-1.88057374448645,2.13068080303023,11,"Atrato"
24,-5.13278737440405,3.57670684251277,0,"Atrato"
25,-5.05345595639711,3.51169267400579,0,"Atrato"
26,-3.40853437886574,3.60180202718378,0,"Atrato"
27,-0.937089892437667,2.52213931015502,0,"Atrato"
28,0.156774424104497,2.27783573989435,1,"Atrato"
29,-2.65237156104538,2.87234296668581,0,"Atrato"
30,1.15119023781643,-0.365791910338019,5,"Cauca"
31,0.977046395978804,-0.679254894871465,0,"Cauca"
32,0.776179652119965,0.813626852993281,3,"Cauca"
33,0.84932606292153,0.237252583138831,1,"Cauca"
34,0.651433111119494,0.282979667056155,4,"Cauca"
35,-0.197276202249909,0.246660496356166,36,"Cauca"
36,-0.187227753604239,-0.155929285611677,6,"Cauca"
37,0.418934158629515,0.566623993785423,0,"Cauca"
38,-0.613074280169865,0.143997644336263,0,"Cauca"
39,-0.205344446230549,0.424100240153048,7,"Cauca"
40,0.629864825824805,-2.42980471932385,3,"Cauca"
41,1.39242632493639,-2.34734250594034,4,"Cauca"
42,-0.183418085467044,0.757060728447561,6,"Cauca"
43,-0.21201995120231,0.291919351216553,5,"Cauca"
44,0.554062248220619,-1.7140892449253,47,"Cauca"
45,-0.579658920618153,-2.41529251478727,7,"Cauca"
46,1.52530605474985,-2.30917380335024,16,"Cauca"
47,0.125346210341024,-1.37008041363306,4,"Cauca"
48,0.168286476487159,-1.38910639458419,1,"Cauca"
49,0.482425054145331,-2.64930664601934,1,"Cauca"
50,0.083646048320988,-2.50158746408353,0,"Cauca"
51,0.805177504696684,0.3259468556577,12,"Cauca"
52,0.114431076916192,-2.51528351365222,2,"Cauca"
53,0.471413201997891,1.45461680557185,0,"Atrato"
54,-1.00684773695567,-0.653395480266532,2,"Atrato"
55,0.666245725629657,0.371342583921617,3,"Atrato"
56,-0.249222455530915,0.432330759928563,2,"Atrato"
57,-1.31956577825607,-0.239393785884893,0,"Atrato"
58,1.92624165124927,0.327370509035595,26,"Atrato"
59,2.05414881984892,0.168177075408072,1,"Atrato"
60,1.54206932075463,-0.133715763742074,4,"Atrato"
61,2.18361345590408,0.0762191538713734,2,"Atrato"
62,1.49522668415983,-0.0693690917769066,2,"Atrato"
63,1.55656516476492,0.260169409619024,3,"Atrato"
64,2.40204267091762,1.12281173769327,0,"Atrato"
65,1.67478761900674,0.308071439581429,0,"Atrato"
66,1.00777282933471,0.648726319290382,0,"Atrato"
67,-0.0882262676615337,-0.164147645283803,2,"Atrato"
68,2.52591541345841,-0.427749403734635,7,"Atrato"
69,-1.20415408122223,1.49989747491628,1,"Atrato"
70,1.25195061971369,-0.846018714559342,5,"Atrato"
71,1.63361941237947,1.11766851414895,0,"Atrato"
72,1.11084470849816,1.0817209052889,1,"Atrato"
73,1.05772471451088,1.68216844548373,0,"Atrato"
74,2.59886050975272,0.307082519496813,14,"Atrato"
75,3.09620521140246,0.554563124250638,7,"Atrato"
76,3.26085383152399,1.01419518141826,2,"Atrato"
77,0.615632883710458,-0.611579448800256,5,"Atrato"
78,2.54288935306506,0.565321620663814,10,"Atrato"
79,1.71439236035189,1.38128944768904,0,"Atrato"
80,0.521463319693031,1.08174303109015,1,"Atrato"
81,3.25684354131634,0.902971714373115,12,"Atrato"
82,0.606958838431932,1.58375851072685,0,"Atrato"
83,-0.0280087089803443,1.84432098686496,0,"Atrato"
84,1.8370688916311,1.10618859086808,1,"Atrato"
85,0.760532823256417,1.3314247892169,6,"Atrato"
86,-0.425764061481623,1.38978180529926,1,"Atrato"
87,-1.86663138555568,0.734904011051504,2,"Atrato"
88,0.374139134878543,1.76998684464662,0,"Atrato"
89,2.36779030259982,1.1152646665302,14,"Atrato"
90,-1.18013582517008,2.08350923988386,1,"Atrato"
91,-0.891715069760957,-1.59612622915064,6,"Magdalena"
92,0.102408845661891,-1.32851496630277,2,"Magdalena"
93,-0.0739626110224405,0.385761459811556,4,"Magdalena"
94,0.230023984627435,0.115548498314383,33,"Magdalena"
95,-0.1082952868723,2.28967737334428,7,"Magdalena"
96,0.714992510045456,2.0220820301369,6,"Magdalena"
97,-0.686731174355799,2.14096221722709,18,"Magdalena"
98,-0.93454742529955,1.71310519638754,7,"Magdalena"
99,-0.0832461487071554,0.832146850192183,4,"Magdalena"
100,0.479947129714831,-0.0372888049796906,50,"Magdalena"
101,-1.85373316922466,1.17212415302535,2,"Magdalena"
102,-0.546512999376612,1.32740007697335,0,"Magdalena"
103,-0.274658526702816,1.82719525584213,2,"Magdalena"
104,-0.450945655841685,0.38409396752772,1,"Magdalena"
105,-0.180739414404029,-1.30210550556765,2,"Magdalena"
106,-1.66550192512775,0.236274045818756,0,"Magdalena"
107,-0.466074959840967,0.90247991903888,1,"Magdalena"
108,0.330445355982419,0.528270746260053,15,"Magdalena"
109,-0.844581423309584,0.61302164240156,3,"Magdalena"
110,-0.0421502158357504,0.562320289554572,1,"Magdalena"
111,-2.46632128560601,-1.74799152292739,3,"Magdalena"
112,-1.07201833659472,-0.198464076852229,0,"Magdalena"
113,-1.96600573760837,-0.674726312202722,1,"Magdalena"
114,0.0198896277076686,-1.71244436245221,6,"Magdalena"
115,-0.92789215708065,-0.949379337376934,2,"Magdalena"
116,-0.945138833458081,0.668471313571473,8,"Magdalena"
117,-1.07097420647772,-2.2366601207686,0,"Magdalena"
118,0.13238236419796,2.98151028671206,6,"Magdalena"
119,0.352898112200057,3.04839055464128,8,"Magdalena"
120,-0.729858859038031,0.628625743746413,0,"Magdalena"
121,-0.126541708790376,0.934891771538094,0,"Magdalena"
122,-1.39018908990404,0.00291835696796988,0,"Magdalena"
123,0.468711167567733,-0.509179120386859,3,"Magdalena"
124,-1.11244389898071,0.115885896353926,1,"Magdalena"
125,-0.0861381742751242,-0.510005974443315,16,"Magdalena"
126,-1.42295850537132,0.0364002671662466,1,"Magdalena"
127,-0.0899687808540003,0.10243049438466,2,"Magdalena"
128,-0.579627169788965,-0.0888257659553836,7,"Magdalena"
129,-0.923491733096302,-0.583993700570569,16,"Magdalena"
130,-1.11838689838053,-0.303836446999743,2,"Magdalena"
131,-0.782437534246588,-0.235148420354569,0,"Magdalena"
132,-1.14460809092015,-1.22641595853906,1,"Magdalena"
133,-1.06307957139505,-1.63923497058461,0,"Magdalena"
134,-0.939138294413735,-1.15270687565044,0,"Magdalena"
135,-0.923884285648189,-0.742089040195313,11,"Magdalena"
136,-1.11367293373012,-1.96241294215702,0,"Magdalena"
137,-0.85526120002808,-1.15435325097059,24,"Magdalena"
138,-0.625696973323322,-1.17288190530129,0,"Magdalena"
139,-0.37332743602085,-0.815283401318053,3,"Magdalena"
140,-0.196977514549338,-0.598591847420432,0,"Magdalena"
141,0.180007109664469,-0.0933172387088547,1,"Magdalena"
142,-0.201098123227251,-0.759755416816431,0,"Magdalena"
143,0.380527218130595,-0.961621586399127,5,"Cauca"
144,-0.0308856887940822,-1.06679144893477,2,"Cauca"
145,1.14416196666822,0.845072063814614,16,"Cauca"
146,-1.8865012955838,-0.359176071369126,0,"Cauca"
147,-2.83831482437983,-0.111119402940622,0,"Cauca"
148,-3.01425780573826,-0.215499168053734,0,"Cauca"
149,-1.43332535270375,0.692291101642967,0,"Cauca"
150,-1.78772501671631,-0.0818718703010555,1,"Cauca"
151,-0.882236143139518,-0.133836391830739,1,"Cauca"
152,-0.372432941937047,0.0744142225645069,0,"Cauca"
153,-0.31185671756614,-0.245949293249517,1,"Cauca"
154,-1.27501451994258,-0.143860718660105,0,"Cauca"
155,-0.333678171288937,0.764788671592589,0,"Cauca"
156,-1.22943066052146,-0.143491218238141,2,"Magdalena"
157,4.0194364489244,1.00677138610051,14,"Magdalena"
158,3.92107398620906,0.216557097668599,8,"Magdalena"
159,-3.74272246542141,-1.27037465281837,0,"Cauca"
160,-3.43711246825049,-1.13410452807602,0,"Cauca"
161,-3.23186598593871,-0.970876917299129,0,"Cauca"
162,0.860391458025644,1.29769726905459,70,"Magdalena"
163,0.306273886242368,1.62738944488577,12,"Magdalena"
164,0.101816931949615,1.69668583763516,17,"Magdalena"
165,0.852122252434595,1.73293074433434,44,"Magdalena"
166,0.585285095606867,1.98358210551667,28,"Magdalena"
167,0.100645695198428,2.1777257948295,15,"Magdalena"
168,-2.19707490761432,-0.770599101875937,2,"Magdalena"
169,0.106569640482274,2.12218225299329,5,"Magdalena"
170,-0.71628264970318,1.13059898219276,86,"Magdalena"
171,-0.27882938878366,1.38120246833362,0,"Magdalena"
172,-0.438066044467713,1.40018337150837,3,"Magdalena"
173,1.65599956753069,2.30715534716397,16,"Magdalena"
174,0.659881859610028,2.27135559572598,1,"Magdalena"
175,1.96195434494534,0.522880923165848,9,"Magdalena"
176,-3.56661531241026,-1.42765065544343,0,"Cauca"
177,-3.66193527802605,-1.46024607665318,0,"Cauca"
178,-0.686462226008618,0.806390492045789,0,"Cauca"
179,-1.41631445533576,0.536063419761773,0,"Cauca"
180,-3.3564851554697,-1.15993562994517,0,"Cauca"
181,-3.55906296580679,-0.855554851811409,0,"Cauca"
182,-0.847138367465466,0.258925691417356,0,"Cauca"
183,-1.21046134649724,-0.875929589456084,0,"Cauca"
184,-3.56744615808102,-0.856348344704778,0,"Cauca"
185,-1.44772194193958,0.771465966101482,0,"Cauca"
186,-2.52379811000275,0.0111138835103865,0,"Cauca"
187,-0.284569684378803,-0.614800266442252,0,"Cauca"
188,-0.876698912120097,-0.1886762007706,0,"Cauca"
189,-3.53760839453145,-0.784637908352372,0,"Cauca"
190,-3.96353942642212,-0.506558033659592,0,"Cauca"
191,-0.890345561484951,-0.694521283667314,0,"Cauca"
192,-1.21192877817653,-0.641142842664892,0,"Cauca"
193,-3.15932285139567,-0.272146235721527,0,"Cauca"
194,-2.55442977863049,-1.06054939383399,0,"Cauca"
195,-2.53639570856822,-0.991921129702588,0,"Cauca"
196,-2.2263843722241,-1.22060843044375,0,"Cauca"
197,-2.01208808735931,1.03668663767787,0,"Cauca"
198,-1.88851106426049,-1.28366250568745,0,"Cauca"
199,-1.8064717944952,-1.20148575503544,0,"Cauca"
200,-0.701774327718752,2.45275552617,3,"Atrato"
201,-0.695692163544056,1.68474019025158,69,"Cauca"
202,-1.55737193543303,-1.24333854145405,0,"Cauca"
203,-0.988707371751632,-0.0752336101119469,0,"Cauca"
204,-0.999204513299505,0.829233501646301,0,"Cauca"
205,-0.217660749095395,-0.114618971784192,0,"Cauca"
206,3.19283692487086,0.671482380278885,7,"Atrato"
207,-0.781714838050865,0.255742316891493,1,"Cauca"
208,3.03804641802308,0.793232782127893,25,"Atrato"
209,-0.78392492238558,-1.1950697134017,1,"Cauca"
210,-0.99598247942163,1.26715388844579,0,"Atrato"
211,2.72095326236909,0.857089851343914,10,"Atrato"
212,2.47641381014274,0.903352763616579,3,"Atrato"
213,-0.110113149586977,0.201549311358904,3,"Cauca"
214,2.70753849219128,0.118371079131575,196,"Atrato"
215,0.539820465299317,-0.338781687236504,10,"Cauca"
216,-0.735010435170498,1.23024344434871,1,"Atrato"
217,-0.32603694569775,1.43144203432017,0,"Atrato"
218,-1.14205108998975,-1.32443918656606,0,"Magdalena"
219,0.153521930890099,-0.087310585686553,15,"Cauca"
220,-0.65017183153639,0.297856666407595,0,"Atrato"
221,-0.444392568554675,-0.824206359608798,12,"Cauca"
222,-0.829601836615622,-1.1729764814994,5,"Magdalena"
223,1.16372702965038,0.703811227896041,3,"Atrato"
224,-0.976616076275413,-1.81128590537728,0,"Magdalena"
225,-1.16370286339657,0.310901586801494,1,"Atrato"
226,-0.301267878625037,0.830676501995172,4,"Atrato"
227,-0.453242584935512,-1.2568098606727,8,"Magdalena"
228,-1.55787237644975,-0.282524563683589,3,"Atrato"
229,-2.68729171822465,0.09579418822487,0,"Atrato"
230,0.537587575901494,-2.58548254138945,3,"Cauca"
231,0.87099480594321,0.304046300518479,6,"Atrato"
232,-2.58234288249831,0.105020131750685,0,"Atrato"
233,0.130036107720671,-2.35103715700851,1,"Cauca"
234,-0.93654546065443,0.253820628349011,2,"Atrato"
235,-0.438737340850214,-2.27904167097002,3,"Cauca"
236,0.479036523516494,-2.82506238028741,23,"Cauca"
237,-0.358194679542676,0.199476118414966,15,"Cauca"
238,2.00870031597019,0.458565421288805,14,"Atrato"
239,-0.946138556661687,-1.31889301832642,28,"Magdalena"
240,-0.714738808529156,-0.758445234812782,0,"Magdalena"
241,-0.144051049111389,-0.768060847614729,16,"Magdalena"
242,-1.31119380211165,-1.19432531273914,4,"Magdalena"
243,0.103536268304309,-0.197371760477575,11,"Magdalena"
244,0.0554034031608503,-0.270855658345846,5,"Cauca"
245,-0.680548559367609,-1.15208759770666,12,"Magdalena"
246,0.342898821166821,-0.0889339017769089,29,"Magdalena"
247,-1.07079205458754,-1.04115252968941,6,"Magdalena"
248,-0.522631658739083,-0.808855910358707,4,"Magdalena"
249,1.18490417491105,-0.494844955196335,14,"Cauca"
250,2.77457053717825,-1.18239046900249,21,"Atrato"
251,2.38580246895508,-0.831647654600582,15,"Atrato"
252,1.39434980534343,-2.53800527719385,25,"Cauca"
253,1.30213543401794,-1.90798708993839,15,"Cauca"
254,0.943896909960804,-2.34734087145631,22,"Cauca"
255,1.28777934173771,-1.91477969787637,36,"Cauca"
256,2.65971214746328,-0.501018906958395,110,"Atrato"
257,1.4698459485239,-2.84839719871964,13,"Cauca"
258,2.23873399693166,0.225578813335861,20,"Atrato"
259,1.005556691135,-2.22061025658324,17,"Cauca"
260,1.59135189844135,-1.16327247036778,160,"Cauca"
261,1.11347248092814,-1.27487256065785,32,"Cauca"
262,2.16315270097656,-0.146259716756852,87,"Atrato"
263,-1.54655425923972,-0.717290747533899,0,"Magdalena"
264,2.44847328588539,0.681719664278172,20,"Atrato"
265,1.79460456444235,-0.329011469811534,2,"Atrato"
266,-0.248121206925484,1.17500651676548,2,"Atrato"
267,2.1947293304608,1.26113870763541,42,"Atrato"
268,0.625067615574288,-0.373567884852703,15,"Magdalena"
269,2.00613767547748,-0.796340186914509,19,"Cauca"
270,-0.326722384931358,2.70840386643646,0,"Atrato"
271,2.23216495970381,1.94990460927521,22,"Atrato"
272,0.860512949042661,2.23122159142247,0,"Atrato"
273,2.18870415118231,0.304226675472238,109,"Cauca"
274,1.98636643793446,1.36135436693547,91,"Atrato"
275,2.35278356078997,0.0853664304884004,7,"Cauca"
276,-1.3064238215716,0.370964906056438,15,"Magdalena"
277,-0.797494755857269,1.78848939764341,91,"Magdalena"
278,1.90152393092451,0.531557337280087,132,"Atrato"
279,0.517030876246352,-1.68984340772844,15,"Cauca"
280,-2.38173573763953,-0.967728015068636,0,"Magdalena"
281,1.41627112994322,0.600093296928393,143,"Cauca"
282,1.26722073354745,2.19626771368974,270,"Atrato"
283,-0.542366910464614,1.86086015468869,117,"Magdalena"
284,0.56806118322555,1.56916748460153,74,"Magdalena"
285,-0.456929643684059,1.59552371263503,18,"Magdalena"
286,-1.3992120149986,0.419943556564191,1,"Magdalena"
287,-2.7673322561697,3.22346066662342,0,"Atrato"
288,2.31635348583122,1.11751365421098,31,"Cauca"
289,2.06068438119621,2.10191627335726,304,"Atrato"
290,0.790011625759398,2.46686123104595,11,"Magdalena"
291,1.11523356919933,1.32582388578487,56,"Magdalena"
292,0.857240853737751,2.61797956269926,2,"Atrato"
293,1.39632712254847,-0.490667071802766,4,"Cauca"
294,1.86855777562474,0.529264180501078,11,"Cauca"
295,1.55983760356933,0.909968851943192,48,"Magdalena"
296,2.0294170501162,0.599402874748791,7,"Cauca"
297,2.34870756348184,-0.716178544369536,28,"Cauca"
298,1.13642973980042,1.02521182022519,24,"Magdalena"
299,2.94856296387082,0.453064480796586,17,"Cauca"
300,1.53798404608288,-0.983146868722933,11,"Cauca"
301,-2.74997132760823,2.77866294582417,4,"Atrato"
302,2.30122707852012,0.00933247921427982,63,"Cauca"
303,-4.41574863041395,3.52952479331507,0,"Atrato"
304,3.14296388171989,0.32884566366222,36,"Cauca"
305,-1.56349852044307,2.92548550605355,2,"Atrato"
306,0.226159527060734,1.91520158275295,0,"Atrato"
307,-2.06421725453243,2.94166930771366,1,"Atrato"
308,2.71515606581943,-0.607195771827207,39,"Cauca"
309,2.30164382399359,1.37941431511881,25,"Magdalena"
310,-1.7075261725989,1.63841540991669,6,"Atrato"
311,-2.24430903676339,3.55839705241449,0,"Atrato"
312,2.77077220363223,0.156430264031436,13,"Cauca"
313,2.54015249325346,-0.78090033444918,23,"Cauca"
314,-1.66409229364791,2.935651682965,0,"Atrato"
315,2.67722109205266,0.745748134418759,69,"Magdalena"
316,2.4602479508925,0.553089501928577,27,"Magdalena"
317,1.07153717706371,1.30320658393369,3,"Magdalena"
318,1.52085467664471,1.31781922190253,9,"Magdalena"
319,2.07130428551403,0.705091757579572,56,"Magdalena"
320,3.2341982080835,-0.127494243719112,4,"Magdalena"
321,2.12763078764731,-0.24082125556705,2,"Cauca"
322,0.986485860742638,-1.77712124425419,18,"Cauca"
323,2.6018957375931,-1.19585316774391,7,"Magdalena"
324,1.28748181862011,0.661036006941847,0,"Magdalena"
325,2.57411257431696,-0.862030679079425,32,"Cauca"
326,3.76086487154772,-0.4650548082816,27,"Magdalena"
327,1.85289745700305,0.272403544601997,33,"Magdalena"
328,0.90873292171266,-0.812994548704123,6,"Cauca"
329,-0.393308472822277,-1.61002566603257,1,"Cauca"
330,3.65470980118658,-0.0509748918623401,132,"Cauca"
331,3.38075741747074,-0.19743180392654,54,"Cauca"
332,2.65217043299768,-0.937054900196995,259,"Cauca"
333,1.87980162365947,-0.571913888217215,4,"Cauca"
334,2.43050556788064,-0.678331625704556,10,"Cauca"
335,3.07942347357285,-0.735894823686002,178,"Cauca"
336,1.78882242544488,-0.552525904198969,12,"Cauca"
337,2.06263811203421,-0.359449560641873,1,"Cauca"
338,2.43569241509344,-0.735230330652076,78,"Cauca"
339,2.61784092034429,-0.446937837696962,26,"Cauca"
340,2.20120226471374,-0.467219174050934,17,"Cauca"
341,2.32037059121316,-0.274581538580203,150,"Cauca"
342,2.40545442759501,0.147744423677919,24,"Cauca"
343,1.78697431060329,-0.451051774056403,85,"Cauca"
344,2.45626264093041,-0.151833227779384,54,"Cauca"
345,1.76320629620814,-0.483132289799759,2,"Cauca"
346,1.18347606189917,-0.965270053319641,2,"Cauca"
347,1.67588033168906,-2.13159060483812,32,"Cauca"
348,2.95097516674006,-0.552153488534083,4,"Cauca"
349,2.11368067379954,-1.04519274664433,6,"Cauca"
350,3.65505940583377,-0.490348327526283,28,"Cauca"
351,3.62337059509205,0.158039541263492,2,"Cauca"
352,3.5930771478051,0.336371449071096,17,"Cauca"
353,3.56267883786461,-0.0463754209492396,9,"Cauca"
354,3.80883991234433,0.311891763683363,1,"Cauca"
355,3.25665862211546,-0.221474501018379,84,"Cauca"
356,2.09473402949521,-0.93712350296409,108,"Cauca"
357,1.32755113719376,-0.669916873148127,16,"Cauca"
358,1.5827819461544,-0.0859600519262531,17,"Cauca"
359,1.36331782388067,-0.671835088299543,10,"Cauca"
360,0.348272828459018,-0.736192403626544,8,"Cauca"
361,1.45180945473212,-1.35494319648991,32,"Cauca"
362,0.710980550917654,-1.12762727212558,48,"Cauca"
363,-1.54078026697702,-1.47461321288563,5,"Cauca"
364,2.25863509606046,-0.20518126019164,22,"Cauca"
365,1.27890856978322,-0.921939082421195,19,"Cauca"
366,1.22780281217557,-0.891237873718479,3,"Cauca"
367,1.543088310072,-0.960806758101402,5,"Cauca"
368,1.76172874003342,-0.746756134093583,5,"Cauca"
369,0.432487696691261,-1.1591874043393,10,"Cauca"
370,-0.761957044022292,-1.69336464237851,3,"Cauca"
371,1.45995218945185,-0.75669113466694,18,"Cauca"
372,1.37098852927972,-1.01687489075955,21,"Cauca"
373,1.69018972366143,-0.666015768148332,21,"Cauca"
374,1.69116682420049,-0.387743865216636,78,"Cauca"
375,0.611555586568528,-0.656333271788412,47,"Cauca"
376,0.494945328198637,-0.757259252778358,2,"Cauca"
377,1.82895106668592,0.114578990500992,4,"Cauca"
378,0.148776938119174,-0.97453425930313,11,"Cauca"
379,0.974889410102008,-0.522341106554506,47,"Cauca"
380,1.91436416480234,1.02476882535564,5,"Cauca"
381,2.48752439926209,0.856141492053864,11,"Cauca"
382,2.10378969102098,0.444391481364983,5,"Cauca"
383,3.17783324596686,0.673322749740631,25,"Cauca"
384,3.58376241608964,0.339523501470569,165,"Cauca"
385,3.82678132033371,0.458984681418172,30,"Cauca"
386,3.49245547804417,0.123777849893447,30,"Cauca"
387,2.85508916034654,-0.178226346256702,2,"Cauca"
388,1.97397332855203,-1.58717440317294,183,"Cauca"
389,2.52926869061511,1.30468302460911,4,"Cauca"
390,1.87685435849404,1.67045453966309,17,"Cauca"
391,1.13058965340752,-0.0140439375741583,203,"Cauca"
392,2.24435019809766,0.242561953591709,86,"Cauca"
393,-3.17668844134754,-1.97351503016985,0,"Cauca"
394,-3.45019986496061,-1.80668308560588,0,"Cauca"
395,-3.29040642794845,-1.66085920735434,0,"Cauca"
396,-3.1476446493026,-2.07076400911919,0,"Cauca"
397,-3.60825021259579,-2.14995340880751,0,"Cauca"
398,-3.1638081559281,0.134735981093542,0,"Cauca"
399,-3.50396320911586,-1.34274921302656,0,"Cauca"
400,-3.47872316042069,-0.997852973812894,0,"Cauca"
401,-2.98392110241216,0.612897464635679,8,"Cauca"
402,-3.50111399125885,-0.225493187605679,3,"Cauca"
403,-3.88612600251075,-0.396157878077669,0,"Cauca"
404,-1.91742829557423,1.05535639732689,81,"Cauca"
405,-1.81393438174532,1.20753145279702,56,"Cauca"
406,-0.466224754100899,1.37990134392417,147,"Cauca"
407,-0.701598407342623,1.90425143359006,41,"Cauca"
408,-0.617261398800091,2.11512301780113,64,"Cauca"
409,-1.62598749665949,1.56969611219414,11,"Cauca"
410,1.26204647556169,2.0598894485677,16,"Cauca"
411,-0.185834518464166,1.75684747151087,164,"Cauca"
412,-3.30131873820159,-1.59979780546962,0,"Cauca"
413,-3.64270433135997,-1.09424590532113,0,"Cauca"
414,-4.26008720362755,-0.759978005476929,0,"Cauca"
415,-3.30303361629865,-1.05650764267433,0,"Cauca"
416,-2.24087197051495,-0.129850748606814,0,"Cauca"
417,-1.81166940561899,0.68049217827334,0,"Cauca"
418,0.555389829079006,-1.14100296636705,3,"Cauca"
419,-1.51340120491072,1.23766812415048,44,"Cauca"
420,-2.13853402453954,0.922301923043131,0,"Cauca"
421,-2.27438344897507,-1.71665218479758,1,"Magdalena"
422,-1.96458759081172,-1.54887593642229,0,"Magdalena"
423,-2.13626967596492,-1.50628677371349,1,"Magdalena"
424,-3.23788093456643,-1.87873757491144,0,"Magdalena"
425,-3.02940775345405,-1.70404222638971,0,"Magdalena"
426,-2.24444148563331,-0.643988180314087,5,"Magdalena"
427,-3.40001312400918,-1.94362778165307,0,"Magdalena"
428,-1.64651110384598,-1.0405876498755,2,"Magdalena"
429,-2.10484975801227,-1.05798907332225,0,"Magdalena"
430,-3.96666385646393,0.589884867966493,0,"Atrato"
431,-1.14791888988057,0.427417927766081,7,"Atrato"
432,-1.74658328608372,0.00414741125945545,7,"Atrato"
433,-1.23402764369686,0.704566414918094,0,"Atrato"
434,-4.65113733012656,0.533402255667961,0,"Atrato"
435,-4.75113869325908,0.371779554961121,0,"Atrato"
436,-4.75072659228838,0.428299326134255,0,"Atrato"
437,-3.79575758240052,0.656652404389635,0,"Atrato"
438,-4.90736534166234,0.617650116540635,0,"Atrato"
439,-2.14758265762848,0.790742870128464,6,"Atrato"
440,-0.674689241456701,0.656573262660779,10,"Atrato"
441,-4.23347090070768,1.92475912365305,0,"Atrato"
442,-2.70163736259268,2.44303469315943,0,"Atrato"
443,-2.86510120652825,1.67219008014243,0,"Atrato"
444,-4.05705772184832,2.57327422546343,5,"Atrato"
445,-5.39636479085958,3.06609245245792,0,"Atrato"
446,-2.6298828853326,1.11500035241529,0,"Atrato"
447,-5.29993380719739,2.95928235943723,3,"Atrato"
448,1.65630464885599,-0.0709802327693221,21,"Cauca"
449,-4.62739526036247,-1.1121316417673,6,"Atrato"
450,-4.10461880609355,-1.38844561741599,4,"Atrato"
451,-3.6279594916034,-1.44738326693994,0,"Cauca"
452,-3.66605698728414,-1.15086395248539,0,"Cauca"
453,-3.52684970968653,-1.5582902205999,0,"Cauca"
454,-3.56130119875366,-0.976173178568406,0,"Cauca"
455,-1.21315708000264,-0.73302521256614,0,"Cauca"
456,-3.4819834614191,-0.596161944794885,0,"Cauca"
457,-0.94432418281729,-0.714038631806979,0,"Cauca"
458,-2.27269180430901,-0.993765007092707,0,"Cauca"
459,-1.94198260901871,-0.807597624484609,0,"Cauca"
460,-2.00422923865518,-1.24940536404415,0,"Cauca"
461,-4.61811317232873,-0.737681190652772,0,"Atrato"
462,-0.328168166004527,2.15546063767337,40,"Cauca"
463,0.159751160527071,1.97525209835651,6,"Atrato"
464,-4.13694074040885,-0.392292398420838,4,"Atrato"
465,1.10381130068973,1.21957599657511,4,"Atrato"
466,-1.30042275221913,-1.47424215889915,0,"Cauca"
467,-0.825776395246394,0.115920291959399,68,"Cauca"
468,-0.717630403112168,-0.901525826728414,12,"Cauca"
469,0.480285707698796,0.527358513153106,67,"Cauca"
470,2.69259421545536,-0.0418683691052589,201,"Atrato"
471,0.24788139099525,1.17775944210596,3,"Atrato"
472,0.660060158133249,-2.04120869867773,138,"Cauca"
473,1.29801944699279,-0.0988633661352384,44,"Cauca"
474,2.69323289843657,-0.00303310423764169,83,"Atrato"
475,0.613484321215282,-1.5261637508241,213,"Cauca"
476,0.0847619839790404,-0.192631411273618,2,"Cauca"
477,0.00285359482574599,-1.33230068542251,67,"Cauca"
478,0.333333834728678,-2.87865566223223,0,"Cauca"
479,-0.0243846592534915,-2.99229897494785,4,"Cauca"
480,1.56347478379178,0.0837254921008044,34,"Atrato"
481,2.48254273372284,-0.268684172236184,71,"Atrato"
482,-0.227686781042773,-2.99710573657935,4,"Cauca"
483,-0.8394169656875,0.545500317429454,0,"Cauca"
484,0.235358097659653,0.623104664663617,0,"Cauca"
485,2.44441367570227,-0.619855343700436,139,"Atrato"
486,0.00354103344460423,-0.666437884466536,12,"Magdalena"
487,0.533623941778373,-0.923187471419747,3,"Magdalena"
488,2.65624804700468,-0.447742453773843,41,"Atrato"
489,-0.723572769382003,-0.536745124248932,3,"Atrato"
490,0.0452358125645928,-1.82869793779524,55,"Magdalena"
491,-0.225408002281401,-2.45048302767059,11,"Magdalena"
492,2.20300218945489,0.251500279944426,34,"Atrato"
493,2.1063456632113,-0.247652067457874,45,"Atrato"
494,-0.45515114273139,-2.99526154133656,30,"Magdalena"
495,1.97520691026461,0.601810742719905,0,"Atrato"
496,0.210935250754961,1.1528976181783,14,"Atrato"
497,-1.04140419069184,-2.22641716922013,3,"Magdalena"
498,2.06823437844976,0.630019438726071,43,"Atrato"
499,0.97910652899634,-1.14337540073374,134,"Cauca"
500,-1.10484607837571,-2.4364477078372,5,"Magdalena"
501,-0.258681158021841,-2.50521597122516,66,"Magdalena"
502,1.81072603982795,2.26577495533814,8,"Atrato"
503,1.21567554527679,1.42042905424207,30,"Magdalena"
504,-1.05805051164279,1.12434376842676,6,"Magdalena"
505,-1.54120349485952,0.820250613866163,11,"Magdalena"
506,1.67185103714501,-0.887273855970624,21,"Cauca"
507,1.50603441717494,-0.987150789083896,3,"Cauca"
508,1.14001226153362,0.124863165624693,26,"Cauca"
509,2.13951874014883,-0.0872773802782544,12,"Cauca"
510,2.55603944369704,0.461365455748959,17,"Cauca"
511,2.42936124303493,-0.994952652764806,25,"Cauca"
512,-3.15869557245701,-1.38620182232068,5,"Magdalena"
513,2.039720430789,0.0748542680088004,9,"Cauca"
514,1.7779469166291,-1.19206230686,0,"Cauca"
515,-3.07851700571546,-0.960150321238422,6,"Magdalena"
516,2.19582778849867,-1.13866462915825,53,"Cauca"
517,-2.69819063607504,-1.25365940191215,1,"Magdalena"
518,1.48019975336347,-0.955249965865196,19,"Cauca"
519,1.22514036581344,-1.80585851470563,3,"Cauca"
520,0.29711701519543,-1.27955395300012,1,"Cauca"
521,0.177451853023294,-1.27945823835104,7,"Cauca"
522,2.8471946988091,-0.941317057105431,138,"Magdalena"
523,-0.873201317130628,-0.431040578546052,0,"Cauca"
524,2.29834804535719,-0.340281381239759,18,"Atrato"
525,0.357881798698463,-1.62942941399911,166,"Cauca"
526,0.704057346178743,-3.01226254171121,46,"Cauca"
