"variant","model","DIC","WAIC","MI_res","MI_p","prec_iid","prec_spatial","prec_id","rho","rho_q025","rho_q975","sd_latent_field","var_iid","var_spatial","var_id"
"mean (published)","M1",10940.5320673888,27103.6769817755,0.512549076884507,4.73823372248425e-46,NA,NA,NA,NA,NA,NA,NA,NA,NA,NA
"mean (published)","M4",2551.1047495403,2563.64348786823,0.0887635540242096,0.0129595631453644,1.45232983155025,1.14131399699376,NA,NA,NA,NA,1.84944872822585,0.688548825670391,0.876183068492994,NA
"mean (published)","M5",2571.61921258583,2618.36486767729,-0.172022249299506,3.12293175411755e-06,NA,NA,0.398388372243154,0.894026561084554,0.793562838496913,0.958958847742894,1.40822151003053,NA,NA,2.51011342115592
"mean (12.5 m)","M1",10940.7858756983,27099.8864535253,0.512580231925709,4.67894873965718e-46,NA,NA,NA,NA,NA,NA,NA,NA,NA,NA
"mean (12.5 m)","M4",2551.10907774011,2563.64910607121,0.0888186438246483,0.0129047012066211,1.45224881861881,1.14128540336362,NA,NA,NA,NA,1.84949615689034,0.68858723600207,0.876205020280446,NA
"mean (12.5 m)","M5",2571.58384217158,2618.35062688039,-0.172325998823986,2.99889330400482e-06,NA,NA,0.398455834966711,0.893869905915979,0.791451272570232,0.958683498419553,1.40936305958824,NA,NA,2.50968843280597
"p90","M1",11410.7784062403,16258.3556761089,0.52601698468207,2.63567979680853e-48,NA,NA,NA,NA,NA,NA,NA,NA,NA,NA
"p90","M4",2545.7955750518,2557.25300415471,0.0963586125121326,0.00706891531309527,1.46884381834508,1.10564855481816,NA,NA,NA,NA,1.86222537439838,0.680807576347146,0.904446531080993,NA
"p90","M5",2561.61850738211,2602.41483737715,-0.175888351936476,1.85704062505418e-06,NA,NA,0.401235223505048,0.89890604133858,0.806274380906463,0.959892950922227,1.42000595760686,NA,NA,2.49230361996725
"area > 20 deg","M1",10579.1618607421,29102.4247242211,0.497584709769318,1.30474626462619e-43,NA,NA,NA,NA,NA,NA,NA,NA,NA,NA
"area > 20 deg","M4",2551.17877965696,2563.37422242802,0.0833965366152238,0.0194028635509996,1.43536608381425,1.17026727833934,NA,NA,NA,NA,1.8673514594953,0.696686379367878,0.854505648845484,NA
"area > 20 deg","M5",2573.03394943873,2620.96228425587,-0.169887958572676,4.14605718092272e-06,NA,NA,0.39511142506389,0.891662000177359,0.784716136930819,0.958668495457555,1.40863735559263,NA,NA,2.53093162223365
"area > 25 deg","M1",11067.5284196849,28108.2986802691,0.51418241452627,2.3194520500267e-46,NA,NA,NA,NA,NA,NA,NA,NA,NA,NA
"area > 25 deg","M4",2551.67521849321,2564.75268533111,0.0877009293536762,0.0140674677653011,1.46360819596297,1.05878249316881,NA,NA,NA,NA,1.93831886539586,0.683242962671479,0.944481049178593,NA
"area > 25 deg","M5",2572.96626242163,2621.64730054669,-0.164331348480012,8.5244204859498e-06,NA,NA,0.388652742232213,0.905611063614478,0.809386023969926,0.964804478338826,1.47078147577622,NA,NA,2.57299097970218
"area > 30 deg","M1",11760.0253253135,34255.7590370931,0.530970646308671,3.03292445113619e-49,NA,NA,NA,NA,NA,NA,NA,NA,NA,NA
"area > 30 deg","M4",2551.89258200262,2565.71781721159,0.0919644841716111,0.0100988113373414,1.48641439036223,0.964494132989603,NA,NA,NA,NA,1.95062256094905,0.672759902274832,1.03681294244926,NA
"area > 30 deg","M5",2573.16232372497,2623.10150416343,-0.156835361266719,2.174473924488e-05,NA,NA,0.381292703859176,0.917794288002668,0.832078467480768,0.969983229260616,1.53710842920921,NA,NA,2.62265705553425
"mean + within-SD","M1",10265.5097870553,31970.7156650027,0.502374611531114,2.14670656990605e-44,NA,NA,NA,NA,NA,NA,NA,NA,NA,NA
"mean + within-SD","M4",2547.27140316473,2559.20754368069,0.092188860145672,0.00990771814538105,1.45850771050752,1.11519428200581,NA,NA,NA,NA,1.86559366803321,0.685632302658192,0.896704741169743,NA
"mean + within-SD","M5",2561.83826082936,2602.95561938152,-0.176343006663361,1.74433095034934e-06,NA,NA,0.398737747355951,0.900228196521824,0.809754947716169,0.960929155916423,1.42682550066464,NA,NA,2.50791405286068
