"","slope_mean","slope_p50","slope_p90","frac_gt20","frac_gt25","frac_gt30","slope_sd","elev_mean","elev_sd"
"slope_mean",1,0.997,0.977,0.988,0.969,0.933,0.779,0.57,0.748
"slope_p50",0.997,1,0.963,0.987,0.967,0.93,0.748,0.564,0.727
"slope_p90",0.977,0.963,1,0.953,0.928,0.89,0.892,0.549,0.763
"frac_gt20",0.988,0.987,0.953,1,0.982,0.936,0.733,0.529,0.733
"frac_gt25",0.969,0.967,0.928,0.982,1,0.984,0.697,0.502,0.742
"frac_gt30",0.933,0.93,0.89,0.936,0.984,1,0.663,0.478,0.735
"slope_sd",0.779,0.748,0.892,0.733,0.697,0.663,1,0.408,0.668
"elev_mean",0.57,0.564,0.549,0.529,0.502,0.478,0.408,1,0.501
"elev_sd",0.748,0.727,0.763,0.733,0.742,0.735,0.668,0.501,1
