"variant","model","term","mean","q025","q975"
"mean (published)","M1","(Intercept)",-15.5509522400944,-15.576481673005,-15.5254228071837
"mean (published)","M1","RainfallDaysmean",0.150626693922684,0.124828134290297,0.176425253555071
"mean (published)","M1","elev_mean",0.412570241523891,0.382306435474408,0.442834047573374
"mean (published)","M1","slope_mean",0.617356323310153,0.592363307501218,0.642349339119087
"mean (published)","M4","(Intercept)",-16.7447562452618,-16.8968062086643,-16.5966681857753
"mean (published)","M4","RainfallDaysmean",0.13886035875198,-0.124528926039339,0.405098626173108
"mean (published)","M4","elev_mean",0.410139725060359,0.178076094695387,0.643264550848653
"mean (published)","M4","slope_mean",0.742032409138479,0.564755188488741,0.920009242779417
"mean (published)","M5","(Intercept)",-16.748606554118,-17.2485382351457,-16.2962213980205
"mean (published)","M5","RainfallDaysmean",0.121393616982237,-0.178576136434911,0.425928412110907
"mean (published)","M5","elev_mean",0.653238415712939,0.40089607588962,0.906083086324591
"mean (published)","M5","slope_mean",0.841308948084251,0.634268083517055,1.04884691321476
"mean (12.5 m)","M1","(Intercept)",-15.5509163693092,-15.576444382347,-15.5253883562713
"mean (12.5 m)","M1","RainfallDaysmean",0.150579992341497,0.124780852670072,0.176379132012923
"mean (12.5 m)","M1","elev_mean",0.412502966876594,0.382239529306279,0.44276640444691
"mean (12.5 m)","M1","slope_mean12",0.617297548620341,0.592302650324473,0.64229244691621
"mean (12.5 m)","M4","(Intercept)",-16.7447594609355,-16.8968058700846,-16.5966747284106
"mean (12.5 m)","M4","RainfallDaysmean",0.138784542817775,-0.124598153573583,0.405021335625697
"mean (12.5 m)","M4","elev_mean",0.410114179135838,0.178050079737847,0.643240117425821
"mean (12.5 m)","M4","slope_mean12",0.74204439141044,0.564759118230154,0.920027191573406
"mean (12.5 m)","M5","(Intercept)",-16.7491122388519,-17.2505177208473,-16.295144448988
"mean (12.5 m)","M5","RainfallDaysmean",0.12180548041082,-0.178303537335219,0.426458935835729
"mean (12.5 m)","M5","elev_mean",0.652744747268054,0.400423828613204,0.905589186565992
"mean (12.5 m)","M5","slope_mean12",0.841091051510587,0.634053123333127,1.04863994636278
"p90","M1","(Intercept)",-15.5676717012392,-15.5934622454936,-15.5418811569848
"p90","M1","RainfallDaysmean",0.105932411129848,0.0803055291524165,0.13155929310728
"p90","M1","elev_mean",0.41128588588093,0.380937575494039,0.44163419626782
"p90","M1","slope_p90",0.622807289159013,0.595667500669773,0.649947077648253
"p90","M4","(Intercept)",-16.7653912780699,-16.9196575028236,-16.615183046131
"p90","M4","RainfallDaysmean",0.0998196633922364,-0.167060182486281,0.369385467153892
"p90","M4","elev_mean",0.390829896993289,0.156739638390149,0.625578977088685
"p90","M4","slope_p90",0.785290348734184,0.601081151523312,0.970626637576337
"p90","M5","(Intercept)",-16.7792620005161,-17.285849906831,-16.3189426702083
"p90","M5","RainfallDaysmean",0.0632627925541145,-0.237325363796614,0.367591415884199
"p90","M5","elev_mean",0.641931809708853,0.390900199143892,0.893657459880901
"p90","M5","slope_p90",0.968127117335349,0.747972359024273,1.19052406629486
"area > 20 deg","M1","(Intercept)",-15.5484794198194,-15.5739961340461,-15.5229627055927
"area > 20 deg","M1","RainfallDaysmean",0.158229327177546,0.132199078258546,0.184259576096545
"area > 20 deg","M1","elev_mean",0.44289594815475,0.412939030622134,0.472852865687366
"area > 20 deg","M1","frac_gt20",0.591797008479498,0.567169135949256,0.61642488100974
"area > 20 deg","M4","(Intercept)",-16.7497514395548,-16.9037009152141,-16.5997780887305
"area > 20 deg","M4","RainfallDaysmean",0.142967005520515,-0.119535093149082,0.408493128762419
"area > 20 deg","M4","elev_mean",0.455326111166681,0.227382741003457,0.684454244622597
"area > 20 deg","M4","frac_gt20",0.725480517816943,0.553791502269386,0.897783664604462
"area > 20 deg","M5","(Intercept)",-16.7446655258872,-17.2462722036636,-16.2924713782019
"area > 20 deg","M5","RainfallDaysmean",0.128141221969113,-0.172614965274521,0.433881621087057
"area > 20 deg","M5","elev_mean",0.691744939031067,0.437976339904057,0.945720603481409
"area > 20 deg","M5","frac_gt20",0.774873928089496,0.57782397408139,0.972142257776254
"area > 25 deg","M1","(Intercept)",-15.5258504728856,-15.5506689964239,-15.5010319493472
"area > 25 deg","M1","RainfallDaysmean",0.164331237990973,0.13843943396893,0.190223042013016
"area > 25 deg","M1","elev_mean",0.474028148456884,0.444647857629843,0.503408439283925
"area > 25 deg","M1","frac_gt25",0.498964510789861,0.477397532905179,0.520531488674543
"area > 25 deg","M4","(Intercept)",-16.7576705238751,-16.9139238153469,-16.6055274855344
"area > 25 deg","M4","RainfallDaysmean",0.190217221191656,-0.0759901860707115,0.458942049896514
"area > 25 deg","M4","elev_mean",0.497007620695724,0.267730421388389,0.727411545118141
"area > 25 deg","M4","frac_gt25",0.663941669435643,0.495531732652717,0.833268986489708
"area > 25 deg","M5","(Intercept)",-16.7540895372741,-17.2945034544051,-16.2658849997508
"area > 25 deg","M5","RainfallDaysmean",0.167693047848533,-0.139487287245443,0.479540408104712
"area > 25 deg","M5","elev_mean",0.710392738601442,0.452886072134951,0.968145116313463
"area > 25 deg","M5","frac_gt25",0.704734284377217,0.513805132683221,0.896152030062475
"area > 30 deg","M1","(Intercept)",-15.5068112050911,-15.5310997982575,-15.4825226119248
"area > 30 deg","M1","RainfallDaysmean",0.160843188388037,0.135057953952332,0.186628422823741
"area > 30 deg","M1","elev_mean",0.495795938706187,0.466932518086915,0.52465935932546
"area > 30 deg","M1","frac_gt30",0.429196767237254,0.409848820502278,0.448544713972231
"area > 30 deg","M4","(Intercept)",-16.7523784343386,-16.9069315827566,-16.6019985254786
"area > 30 deg","M4","RainfallDaysmean",0.2208197444676,-0.0498467050425105,0.493682947476176
"area > 30 deg","M4","elev_mean",0.53160120017218,0.300123260539454,0.764243558162742
"area > 30 deg","M4","frac_gt30",0.597331087821651,0.431752457924815,0.764079091380557
"area > 30 deg","M5","(Intercept)",-16.7664204978687,-17.3500183088845,-16.2387229703422
"area > 30 deg","M5","RainfallDaysmean",0.181710971808778,-0.131615992277189,0.499301691319077
"area > 30 deg","M5","elev_mean",0.706933514546394,0.445289294761755,0.96900792100641
"area > 30 deg","M5","frac_gt30",0.629268895820097,0.444077641227839,0.815184113761145
"mean + within-SD","M1","(Intercept)",-15.5334775247629,-15.5593598647221,-15.5075951848037
"mean + within-SD","M1","RainfallDaysmean",0.174722710836338,0.147856634435047,0.201588787237629
"mean + within-SD","M1","elev_mean",0.423025862553085,0.392652996673769,0.453398728432401
"mean + within-SD","M1","slope_mean",0.688808114224979,0.656207134909016,0.721409093540942
"mean + within-SD","M1","slope_sd",-0.125550810566003,-0.162518628619444,-0.0885829925125631
"mean + within-SD","M4","(Intercept)",-16.7628335188856,-16.9175417217998,-16.6121795067096
"mean + within-SD","M4","RainfallDaysmean",0.104720629265787,-0.163148921833515,0.374766066424022
"mean + within-SD","M4","elev_mean",0.391290453327521,0.157243563239188,0.626029621880535
"mean + within-SD","M4","slope_mean",0.606646665990781,0.376486974986525,0.836144361393818
"mean + within-SD","M4","slope_sd",0.207152174064247,-0.0146999815684057,0.431276065918754
"mean + within-SD","M5","(Intercept)",-16.7831675688778,-17.2924398346211,-16.3205261356293
"mean + within-SD","M5","RainfallDaysmean",0.0487293741427314,-0.256704438054742,0.356850234699478
"mean + within-SD","M5","elev_mean",0.638803632682463,0.38656315040697,0.891647665555915
"mean + within-SD","M5","slope_mean",0.651158204728519,0.41394606561822,0.887919117138246
"mean + within-SD","M5","slope_sd",0.360092987415113,0.133995424814558,0.589594316974144
