"id","slope_mean","S_c","f_at_mean_slope","jensen_gap"
1,29.2780269696509,0.363006227009099,0.40562756052532,-0.042621333516221
2,27.2763557284063,0.300443885584951,0.351569128778813,-0.0511252431938616
3,27.0463404943918,0.297423426429797,0.344452344094396,-0.0470289176645991
4,19.8447861222425,0.0427391851958646,0.0420526885463255,0.000686496649539112
5,28.2407381541552,0.336896615949662,0.379050856270709,-0.0421542403210463
6,21.4710832452235,0.100781137285902,0.123162082656035,-0.022380945370133
7,15.4348263236994,-0.157810922855421,-0.203726028607484,0.0459151057520623
8,22.0773780145853,0.128357503100356,0.151381594188368,-0.0230240910880124
9,17.3152401513868,-0.0643799304690822,-0.0948193224105113,0.0304393919414291
10,21.4249685364926,0.105323504298326,0.120905214226681,-0.0155817099283557
11,24.6757981934825,0.218703540671606,0.262127727478444,-0.0434241868068378
12,21.1612240561936,0.0964059901045281,0.107997477123975,-0.0115914870194467
13,18.4403303706247,-0.0189500847792417,-0.0322934294060215,0.0133433446267798
14,17.4190397531283,-0.0655742093164897,-0.0889016813745537,0.023327472058064
15,23.0599875247632,0.168609216169463,0.195477785749599,-0.0268685695801363
16,16.8721000345219,-0.0904295193251685,-0.120082851175302,0.0296533318501331
17,19.6272050096848,0.0311502433180107,0.0309001401411689,0.000250103176841716
18,18.7934488927332,-0.00283551841435998,-0.0133315871271546,0.0104960687127946
19,18.8764357457186,0.00178504288735556,-0.0089022319890419,0.0106872748763975
20,17.2996487599317,-0.0660304195661965,-0.0957081915191461,0.0296777719529497
21,18.2011361309172,-0.0208846256386783,-0.0455189424539173,0.024634316815239
22,21.2673432166239,0.0965538096320099,0.11319098211987,-0.0166371724878601
23,18.0022979356214,-0.0378053409626326,-0.056513091519038,0.0187077505564054
24,11.0104843014638,-0.398517665196151,-0.476416498558719,0.0778988333625676
25,11.8733249829623,-0.340200579638037,-0.421883189946716,0.0816826103086788
26,18.6492989751939,-0.0100974031634175,-0.0210254701835177,0.0109280670201003
27,21.4409127449304,0.105562769315587,0.121685529208073,-0.0161227598924853
28,25.4394862704878,0.248183898659888,0.290902885670415,-0.0427189870105275
29,16.8367690217819,-0.092552527141181,-0.122097080744057,0.0295445536028758
30,19.0863344940013,0.00771029735327391,0.00230385804701657,0.00540643930625734
31,16.5373311383061,-0.0913132718653763,-0.139165651393425,0.047852379528049
32,24.169952502287,0.205657444664647,0.242039948818435,-0.0363825041537888
33,20.1631010027599,0.0607993368577958,0.0583685442536736,0.00243079260412222
34,19.6674263619434,0.0393017662078583,0.0329617645055248,0.00634000170233348
35,18.1397462885506,-0.0274836055337726,-0.048913305514529,0.0214296999807564
36,18.1233476673564,-0.0304324167594234,-0.0498200173812042,0.0193876006217808
37,19.9600377703737,0.0490088928112699,0.0479601384143712,0.00104875439689867
38,18.2453843079111,-0.0242985160970706,-0.0430723747692353,0.0187738586721647
39,18.5594946880203,-0.00968308469137657,-0.0258187000834466,0.01613561539207
40,14.9206046656208,-0.187076059175202,-0.234501438921955,0.047425379746753
41,16.7909476030556,-0.095532947604088,-0.124709371791896,0.0291764241878079
42,20.8088246206512,0.0838327466067252,0.0907509389086272,-0.00691819230190205
43,19.3140998647717,0.0225773298442167,0.014457729916123,0.0081195999280937
44,17.2349665538022,-0.0631203736436147,-0.0993957401072978,0.0362753664636831
45,12.3849756607304,-0.305550501361187,-0.389771908445192,0.0842214070840053
46,16.4805072929126,-0.111383316373879,-0.142437257762607,0.0310539413887276
47,15.0845006621724,-0.184511009525501,-0.224692504626402,0.0401814951009014
48,14.4192952521102,-0.222464213169942,-0.264594456821169,0.0421302436512266
49,14.6201463319972,-0.209506937493231,-0.252483428209258,0.0429764907160264
50,12.3281368651982,-0.340275230272004,-0.393339120847374,0.0530638905753697
51,19.9204423885894,0.0444114646864443,0.0459305992002157,-0.00151913451377139
52,13.3028638290943,-0.27561326176925,-0.332847296053187,0.0572340342839371
53,24.1409711214775,0.207797584314244,0.240857692467701,-0.0330601081534567
54,12.9044762177558,-0.302368273435427,-0.357511654764908,0.0551433813294807
55,20.705033533113,0.0741472332837816,0.0856713705876809,-0.0115241373038993
56,19.3454282606772,0.0206349725435135,0.0161298577198548,0.00450511482365869
57,12.4909869794108,-0.322940273931568,-0.383118620664958,0.06017834673339
58,26.8872951436067,0.294895321929325,0.339531402931013,-0.0446360810016878
59,24.5783278416731,0.223770507007768,0.258455122351534,-0.0346846153437661
60,22.8569948996642,0.159586381652927,0.186605251062494,-0.0270188694095665
61,26.0173173175814,0.271899723634527,0.310960762863132,-0.0390610392286046
62,23.3531163232614,0.175621465915773,0.208290051173102,-0.0326685852573282
63,25.4294820074857,0.244160388817107,0.290525933360157,-0.0463655445430493
64,29.7093692264142,0.372051037516406,0.415844651782025,-0.0437936142656188
65,23.5142583421622,0.185449278238444,0.215291788714458,-0.0298425104760139
66,22.796617385905,0.154601360965654,0.183966231496653,-0.0293648705309987
67,16.9088889414583,-0.0917460939904732,-0.117985506475464,0.0262394124849904
68,25.1838761284124,0.231997161919098,0.28127169948163,-0.0492745375625314
69,19.4178264566227,0.0262930233326754,0.0199940518623824,0.00629897147029301
70,19.1598567286725,0.0116799045566103,0.00622512978576889,0.00545477477084136
71,28.3991160165439,0.332240339154997,0.383447248764208,-0.0512069096092109
72,25.7448465957045,0.254116925922696,0.301597223397979,-0.0474802974752832
73,25.6954742849581,0.257831042222934,0.29990052873159,-0.0420694865086558
74,29.0455825992728,0.354907671155342,0.399837600160796,-0.0449299290054544
75,30.6262842636774,0.395912941885876,0.436099082242234,-0.0401861403563583
76,31.7867615246742,0.423860259207465,0.459014089966195,-0.0351538307587306
77,19.9775669692403,0.0470349783439319,0.0488586321558071,-0.00182365381187527
78,28.3819283115381,0.336704147313157,0.382970137446109,-0.0462659901329521
79,28.5634757447345,0.335331012840187,0.387828793861309,-0.0524977810211218
80,23.654189994271,0.1851717872947,0.221000111887334,-0.0358283245926335
81,29.5882655952075,0.366926651123129,0.413133034419834,-0.0462063832967046
82,24.9487563329054,0.227837206453203,0.272412572892683,-0.0445753664394801
83,21.6860334589608,0.118526572422782,0.133213733706932,-0.0146871612841493
84,25.732936866198,0.252692990331168,0.301187941798049,-0.04849495146688
85,23.9709546513442,0.193105989691771,0.233922099491857,-0.0408161098000864
86,21.8728570855307,0.109515596958771,0.141886872242162,-0.0323712752833913
87,16.8125199413173,-0.0948593714387945,-0.123479526886673,0.0286201554478788
88,22.4018842914378,0.144565629039666,0.166446540579244,-0.0218809115395779
89,28.7527480458775,0.340028497798817,0.392543380189649,-0.0525148823908318
90,20.3192533867232,0.0600437045693811,0.0663724423256876,-0.0063287377563065
91,13.9360438332342,-0.219864392196623,-0.294057569090587,0.0741931768939642
92,14.6484001284486,-0.192581797091682,-0.250792480207057,0.0582106831153755
93,19.1713964013432,0.0147067102876203,0.00684105027914461,0.0078656600084757
94,18.3879991113139,-0.0179473620160442,-0.0351869263048659,0.0172395642888216
95,23.960200390858,0.194464095748135,0.233483393771666,-0.0390192980235303
96,26.5816422956673,0.277700145340416,0.330074353652261,-0.0523742083118458
97,21.0375748283568,0.0854449844431292,0.101946045426054,-0.0165010609829248
98,18.740321546359,-0.00533317390746909,-0.0161672154133346,0.0108340415058655
99,19.7221235041414,0.03947549215662,0.0357653743523721,0.00371011780424788
100,18.3663055555718,-0.0203747354503443,-0.0363864049540476,0.0160116695037034
101,15.3956019030139,-0.160261091943011,-0.206073552837162,0.0458124608941512
102,18.7692395752834,-0.00924252958129737,-0.0146237392428855,0.00538120966158813
103,22.3920484947771,0.144920941986911,0.165989921743523,-0.0210689797566114
104,16.9079718223832,-0.0817308388891218,-0.118037791675866,0.0363069527867437
105,15.1135346941007,-0.177860396027781,-0.222954860613766,0.0450944645859854
106,14.8966274619016,-0.181504386399216,-0.235936439210958,0.054432052811742
107,20.0442377871347,0.0525613085534888,0.0522759763159944,0.000285332237494468
108,20.8316451891544,0.0827707240703097,0.0918677847589373,-0.00909706068862765
109,17.17876695495,-0.0722899358274257,-0.102599693411822,0.0303097575843962
110,19.0332723354137,0.0128418603115842,-0.000531208205105691,0.0133730685166899
111,6.71067163996501,-0.627658967801548,-0.755488214733542,0.127829246931994
112,14.7666057700242,-0.18702982809558,-0.243718046166903,0.0566882180713228
113,12.3379603384734,-0.321061864617511,-0.392722597776463,0.0716607331589522
114,13.7268144044959,-0.258746334520718,-0.306813972941892,0.0480676384211737
115,14.6656861667526,-0.182014478800475,-0.249757936152949,0.0677434573524736
116,18.2732243387752,-0.0264939546734561,-0.0415330456986802,0.0150390910252241
117,12.0625624152745,-0.349150512352543,-0.410006617364098,0.0608561050115554
118,26.9492299004274,0.290675029532856,0.341447694925499,-0.0507726653926421
119,25.998708519413,0.262533564699452,0.310321265700853,-0.0477877010014006
120,17.1614453262885,-0.0704842140962688,-0.103587203954368,0.0331029898580993
121,17.9326917913409,-0.0344448068891554,-0.0603617496804605,0.0259169427913051
122,14.7369368110424,-0.187093870291325,-0.245493689870505,0.0583998195791794
123,16.4491597138505,-0.10290417428726,-0.14427200379605,0.04136782950879
124,16.1976663922314,-0.123050161332446,-0.158991685232926,0.0359415239004803
125,16.2615857707561,-0.113149739456064,-0.155250540368879,0.0421008009128144
126,15.7965645007796,-0.139492935449559,-0.182467823173403,0.0429748877238443
127,17.6604911162758,-0.0496608033742786,-0.0754122528207709,0.0257514494464923
128,15.8981607083219,-0.140755242139669,-0.17652148709806,0.0357662449583911
129,15.6923966382689,-0.141001567652562,-0.188564675669232,0.0475631080166699
130,15.1226469706253,-0.169114049282349,-0.222409504147924,0.0532954548655747
131,16.5734007056668,-0.0959830364468637,-0.137111774223999,0.0411287377771348
132,13.9030672307869,-0.227394898780751,-0.29606810278533,0.0686732040045787
133,12.9465770758031,-0.283735470280427,-0.354905171515914,0.0711697012354877
134,14.6954390818373,-0.193475669388385,-0.247977267718618,0.0545015983302335
135,16.5376812730471,-0.0971779673952411,-0.139148148145123,0.0419701807498815
136,11.8817949480842,-0.360841065984211,-0.42135161381376,0.0605105478295495
137,14.8316303704697,-0.184183362871015,-0.239826419538883,0.0556430566678676
138,15.2936989299323,-0.1615996760064,-0.212172295923329,0.0505726199169286
139,16.8548058710568,-0.0815105724646869,-0.121068795740246,0.0395582232755595
140,16.2315447617731,-0.10842773935511,-0.157008813899542,0.0485810745444322
141,19.0071184760473,0.0142560370967219,-0.00192714869017751,0.0161831857868994
142,16.1093133000685,-0.124972537907801,-0.164162913272435,0.0391903753646341
143,17.7812573275377,-0.043846074128535,-0.0687348548259776,0.0248887806974425
144,17.2202737932503,-0.0693918954375639,-0.10023337809175,0.0308414826541864
145,27.0469571363534,0.299618591592934,0.344471423567077,-0.0448528319741434
146,13.1766886859525,-0.263063795054793,-0.340658856838854,0.0775950617840613
147,12.4396543610087,-0.31012140314254,-0.386340263952991,0.0762188608104512
148,11.7987141653288,-0.353047454823173,-0.42656577726991,0.0735183224467371
149,16.3423624003133,-0.110851917307849,-0.150522755783291,0.0396708384754426
150,14.2962407027234,-0.209661581192448,-0.272096907514293,0.062435326321845
151,16.0943599363054,-0.116810342583274,-0.16503812045478,0.0482277778715067
152,17.7451513462993,-0.0409937245707291,-0.0707312244804844,0.0297374999097553
153,16.7007187512132,-0.0857996793417326,-0.129853340742416,0.0440536614006836
154,15.0885397804273,-0.167023309425523,-0.224450769237015,0.057427459811492
155,18.7100598336379,-0.00173925718168078,-0.0177824092149525,0.0160431520332718
156,15.1677527387006,-0.163130717780576,-0.219709990430001,0.0565792726494252
157,36.9261843323151,0.551441633857018,0.539578471481811,0.0118631623752066
158,33.3007996352912,0.462932523577124,0.485576889361793,-0.0226443657846689
159,4.95430163604018,-0.827485144271124,-0.872164708074868,0.0446795638037444
160,7.14359153337191,-0.669797722021578,-0.726938628759613,0.0571409067380355
161,7.06985538167197,-0.670011340282704,-0.731801275555436,0.0617899352727321
162,25.2474008091297,0.237272367301655,0.283665258730287,-0.0463928914286325
163,23.8853948116931,0.188999834241209,0.230431800958835,-0.0414319667176263
164,23.8980240899351,0.195886658039236,0.230946995151231,-0.0350603371119947
165,26.4186462345523,0.276160089032321,0.324752554008599,-0.0485924649762788
166,26.343233368543,0.271651918318721,0.322159949374083,-0.0505080310553628
167,24.2826425665646,0.210722095180538,0.246636987743655,-0.0359148925631173
168,10.5198642613828,-0.432366522457091,-0.507590038102112,0.0752235156450205
169,22.9908611178315,0.161854495942619,0.192456363359709,-0.0306018674170899
170,20.4947194445454,0.0702916978966427,0.0753673751158693,-0.00507567721922664
171,21.7532282406854,0.118744738097949,0.136333198004982,-0.0175884599070324
172,21.0663095645022,0.100175173784304,0.103352332320304,-0.00317715853599987
173,29.1653970198084,0.356418393227761,0.402822059763478,-0.0464036665357166
174,24.8353036936655,0.226816593783974,0.268137767753347,-0.0413211739693732
175,25.7661004251499,0.254354015646046,0.302327617511469,-0.0479736018654222
176,4.33492706728524,-0.872333719158946,-0.913589509656689,0.0412557904977432
177,4.46668357472641,-0.862969576734197,-0.904749789060229,0.0417802123260319
178,20.6032793121836,0.0787339391897856,0.0821636216528953,-0.00342968246310975
179,16.8265170916279,-0.0837253835332279,-0.121433899712341,0.0377085161791127
180,7.302645721858,-0.654041765722776,-0.716450662517549,0.0624088967947732
181,6.32264776660235,-0.728684857942982,-0.781152410641171,0.0524675526981891
182,17.0025045028722,-0.0829165045365558,-0.112648459490397,0.0297319549538412
183,13.9041164226307,-0.239047845183102,-0.295778216373281,0.0567303711901782
184,6.6667221156799,-0.69911302554919,-0.758386535513719,0.059273509964529
185,16.2500865353196,-0.103925217311799,-0.155925493183623,0.0520002758718244
186,11.423565840895,-0.364500641289328,-0.450169682924183,0.0856690416348544
187,17.3629261586245,-0.0629998419428841,-0.0910529127051408,0.0280530707622567
188,16.8812673014319,-0.0835405002803264,-0.119177691071533,0.0356371907912067
189,7.16704102537183,-0.664225238500511,-0.725392214791814,0.0611669762913027
190,7.29571191186735,-0.639796018917715,-0.716906810117665,0.0771107911999499
191,15.7963931213847,-0.133646525177483,-0.18237565323373,0.0487291280562466
192,15.2417566118918,-0.162972725169148,-0.215089635502007,0.0521169103328588
193,9.98584688694767,-0.4548926817936,-0.541885071445043,0.0869923896514437
194,10.7591403690427,-0.412048019110639,-0.492386657333562,0.0803386382229226
195,10.8767445122759,-0.406331992713206,-0.485107122906219,0.0787751301930133
196,11.6915175214534,-0.359119889074677,-0.433309025094221,0.0741891360195446
197,15.3970921729897,-0.149557884342635,-0.205984362452304,0.056426478109669
198,11.3811321118493,-0.380699535672576,-0.452870264668684,0.0721707289961082
199,11.3434268970111,-0.379197155953031,-0.455230664166605,0.0760335082135734
200,25.0311549130894,0.229483893199477,0.276479747543465,-0.0469958543439876
201,19.3445189290663,0.0241169402312933,0.0160813226791557,0.00803561755213761
202,11.1993846572132,-0.381101008625102,-0.464230559263989,0.0831295506388864
203,16.761280712179,-0.0859050802475419,-0.12628371248133,0.0403786322337882
204,16.3470522575377,-0.0999131036399011,-0.150248262426863,0.0503351587869621
205,17.6525808229762,-0.0450802728821406,-0.0758626850397171,0.0307824121575765
206,29.5317849626761,0.363904369893258,0.411868383231027,-0.0479640133377693
207,17.725699953612,-0.0420049489999646,-0.0716600395757934,0.0296550905758288
208,30.5234283390605,0.392198651870275,0.434020930602462,-0.0418222787321875
209,13.7563069318073,-0.236974860242783,-0.304965235019316,0.0679903747765333
210,19.6271306758175,0.0356063280461159,0.0316607408650914,0.00394558718102442
211,30.185157239426,0.379094480648158,0.426497965762371,-0.0474034851142134
212,29.3972454666941,0.360277836568549,0.408597175862607,-0.048319339294058
213,18.9895403144483,0.011241080962056,-0.00270736386680217,0.0139484448288582
214,29.5327286520955,0.365561790016581,0.411889513224762,-0.0463277232081806
215,17.9284482334535,-0.0411979641984814,-0.0605963845723212,0.0193984203738399
216,20.6614985211536,0.0783899671330652,0.0848721581509108,-0.00648219101784553
217,21.625471194775,0.116480525169676,0.131900847796953,-0.0154203226272773
218,14.5791185292129,-0.193133657589555,-0.254473247615103,0.0613395900255478
219,18.9835814739598,0.0105621612947534,-0.00318341682621524,0.0137455781209687
220,15.9780287583857,-0.12436303351915,-0.171852640620813,0.0474896071016626
221,16.4217319123183,-0.105609991596375,-0.145872869001105,0.0402628774047292
222,15.2028011510793,-0.163867848345392,-0.217612394349248,0.0537445460038566
223,23.7100668553878,0.187233552827584,0.223279533140651,-0.0360459803130663
224,12.6963898613319,-0.308106418518525,-0.370394375973147,0.0622879574546223
225,13.6020086091117,-0.258575132852976,-0.314423194376775,0.0558480615237995
226,19.0564611747729,0.0130034374949353,0.000706477074707428,0.0122969604202279
227,14.8920640711557,-0.190877347228556,-0.236209551437705,0.0453322042091486
228,14.1655675624239,-0.209668516357346,-0.280063852379909,0.0703953360225636
229,11.6806176784477,-0.365466837549511,-0.432958592681182,0.0674917551316715
230,12.5778010202223,-0.319912088364585,-0.377736265522744,0.0578241771581586
231,20.4814885100986,0.0665540572824886,0.074688122815791,-0.00813406553330244
232,12.2717182109622,-0.326955556384705,-0.396907347644603,0.069951791259898
233,12.929209422709,-0.299811694195608,-0.355980411051604,0.0561687168559962
234,17.2744870153642,-0.0719069920562351,-0.0971426691548836,0.0252356770986485
235,13.1313522087035,-0.287754341916195,-0.343465658943306,0.0557113170271116
236,13.7311380889767,-0.248728246010862,-0.306551154555797,0.0578229085449356
237,18.362789273594,-0.0159937010092728,-0.0365808269316596,0.0205871259223868
238,27.3078185956785,0.302128715117659,0.3525426051475,-0.0504138900298413
239,14.7545612909371,-0.190290099640031,-0.244438890638633,0.0541487909986015
240,15.8585666125809,-0.127373366170922,-0.17883889418516,0.0514655280142381
241,15.1858484372792,-0.170219634992057,-0.218626989235148,0.0484073542430909
242,13.8745300882956,-0.235246022809392,-0.297807969541516,0.0625619467321235
243,17.4818445937185,-0.0564561172143466,-0.0853211619386633,0.0288650447243168
244,17.9112192354743,-0.0363797690501316,-0.0615490090492898,0.0251692399991582
245,14.9140227402118,-0.178249244673271,-0.23489535751368,0.0566461128404088
246,19.663772104,0.0383505359836271,0.032774458612194,0.00557607737143306
247,14.4256876442798,-0.203550692213957,-0.264205694354363,0.0606550021404056
248,15.9264404347873,-0.124368506069094,-0.174866299776764,0.0504977937076696
249,20.1832360210604,0.0547406214707965,0.0594006041189133,-0.00465998264811675
250,22.520168301704,0.140797366828837,0.171880717780439,-0.0310833509516018
251,23.4251898633334,0.179569450541492,0.211440288586312,-0.03187083804482
252,16.5719756571633,-0.106960570946327,-0.137194279230318,0.0302337082839909
253,16.8596226315881,-0.0917045356135689,-0.120794191202965,0.0290896555893962
254,14.7056987235871,-0.201768993134206,-0.247363243455132,0.0455942503209261
255,18.2837184486548,-0.0314246700805361,-0.0409553168709872,0.00953064679045113
256,25.8544614832631,0.260645493494683,0.305364172533685,-0.0447186790390023
257,14.2333660598071,-0.228014297502311,-0.275930279901284,0.0479159823989727
258,26.6661123772042,0.286444507654277,0.332687899513042,-0.0462433918587648
259,15.4541295937703,-0.159534071765229,-0.202570756671199,0.0430366849059701
260,20.7628549789998,0.0766365481948538,0.0885011703808426,-0.0118646221859888
261,19.4955299967258,0.025710741059209,0.0241414145172349,0.00156932654197409
262,24.5284700894291,0.221525190232796,0.256576521893659,-0.0350513316608633
263,13.0532024742308,-0.279091330404443,-0.348303944485174,0.069212614080731
264,25.8421104746923,0.262342149725297,0.304939726266165,-0.0425975765408674
265,21.5177473263967,0.112557752820432,0.125401183088969,-0.0128434302685361
266,22.1980238472097,0.133310732157731,0.15698248134381,-0.0236717491860796
267,29.3561034772214,0.363321157179757,0.407572369325145,-0.0442512121453884
268,18.1067745093641,-0.0360749547175406,-0.0507363792305067,0.0146614245129661
269,21.8240056508941,0.122471615579149,0.13961898290977,-0.0171473673306202
270,25.2785499061465,0.240991269286496,0.284838932137075,-0.0438476628505782
271,30.7863864139934,0.400520665851238,0.439333864578544,-0.0388131987273064
272,26.9765697307566,0.297060597315484,0.342293602526952,-0.0452330052114684
273,28.8817225062336,0.351859731069055,0.395756006922671,-0.0438962758536159
274,27.9645426643063,0.325803201121681,0.37138397774784,-0.0455807766261582
275,26.4257451037071,0.280906857049187,0.324996508814184,-0.0440896517649967
276,16.2415303096697,-0.110159458351228,-0.156424368763531,0.0462649104123025
277,21.0001333882244,0.0893447405421594,0.10011364990323,-0.0107689093610705
278,25.4699560754024,0.24893303853607,0.292050963977093,-0.0431179254410231
279,15.2520689967547,-0.16666796476659,-0.214663786245868,0.0479958214792781
280,10.5336874323484,-0.41556273205919,-0.506708419586303,0.0911456875271124
281,27.3156046183547,0.30404146718322,0.352783508569361,-0.0487420413861416
282,27.7584821297806,0.312067206674013,0.365663967492207,-0.0535967608181944
283,23.1730676673407,0.169517015862363,0.200420366596457,-0.030903350734094
284,26.8822074926488,0.28890947490239,0.33937398848708,-0.0504645135846903
285,19.548021276336,0.0310872973759692,0.0268414220445903,0.00424587533137894
286,15.3945938938672,-0.154935830831436,-0.206133880882518,0.0511980500510819
287,18.1195048600467,-0.0326441684543035,-0.0500324935492988,0.0173883250949952
288,28.6495669017174,0.3397765822374,0.389973239832936,-0.0501966575955356
289,31.6572278628252,0.424263904810696,0.456637168623658,-0.0323732638129622
290,27.9220351374004,0.317920405622769,0.370204016302699,-0.0522836106799303
291,26.6131663278112,0.282210985715707,0.331049722693604,-0.0488387369778978
292,28.5870252826245,0.338136700411297,0.388415389682247,-0.0502786892709502
293,20.7725921834843,0.072141796641338,0.0889777121595926,-0.0168359155182546
294,26.4276472663408,0.275317324802145,0.325061877222804,-0.0497445524206593
295,26.7234384980418,0.28626655168343,0.33446159774522,-0.04819504606179
296,27.7381859567586,0.315974366922355,0.36510056832485,-0.0491262014024951
297,21.8997173718563,0.121294577783797,0.143133839376817,-0.0218392615930191
298,26.2135291441079,0.269824591832115,0.317703642365384,-0.0478790505332689
299,30.1442617951074,0.38200076260723,0.425582280478579,-0.0435815178713491
300,20.2486901034481,0.0514050443855994,0.0627555822087303,-0.0113505378231308
301,18.175112217841,-0.0298231911175429,-0.0469578550146292,0.0171346638970863
302,27.4356390893787,0.301386527651057,0.356497011512489,-0.0551104838614323
303,15.211414933312,-0.170304615604432,-0.217096872067381,0.0467922564629488
304,28.7161058306204,0.341636284817696,0.39163065863264,-0.0499943738149434
305,22.5694264003633,0.144420157975869,0.174036019137231,-0.0296158611613612
306,26.2285495486599,0.269903566446377,0.318219823301247,-0.0483162568548697
307,18.4296588240437,-0.0136408418021727,-0.0328834799725931,0.0192426381704204
308,25.5622110300284,0.252356538404454,0.295320896193373,-0.0429643577889184
309,31.3960026886338,0.412320379793867,0.451650850686373,-0.0393304708925056
310,18.420026238536,-0.0212926169601912,-0.0334160845486584,0.0121234675884672
311,19.2905113196011,0.0187898175342269,0.013198711224159,0.0055911063100679
312,28.2808356425956,0.33141838237685,0.380163917989938,-0.048745535613088
313,24.1699823015562,0.206862606316629,0.242041164210522,-0.0351785578938937
314,20.9507610025415,0.0878954267731611,0.0976973497230481,-0.00980192294988692
315,28.7587918153228,0.344835404021784,0.392693924621868,-0.0478585206000838
316,26.8154625115923,0.288726309951135,0.337308865856931,-0.0485825559057955
317,23.658458377037,0.186340019020473,0.221174234699908,-0.0348342156794353
318,28.1711083880371,0.328606390690161,0.377118011927548,-0.048511621237387
319,27.0962791966973,0.294773163655525,0.345997472383384,-0.0512243087278588
320,27.9438473723139,0.320678989338692,0.370809499585599,-0.0501305102469062
321,24.1517149657066,0.209348745349613,0.241295972756947,-0.031947227407334
322,16.4749109280503,-0.114105094692355,-0.142764808153298,0.028659713460943
323,22.2992916292874,0.132861655479916,0.161683757665984,-0.0288221021860676
324,23.3159643195696,0.170700530283705,0.206666187098232,-0.0359656568145263
325,24.5158764431956,0.213091710828274,0.25610200350468,-0.0430102926764067
326,30.8788303875195,0.400342503097469,0.441564875626211,-0.0412223725287414
327,25.4896228708458,0.247329666311548,0.292791993194252,-0.0454623268827043
328,21.0077313180661,0.0844715408126686,0.100485494557704,-0.016013953745035
329,14.784811120132,-0.184378424310701,-0.242521966996679,0.0581435426859784
330,31.7354017832188,0.421807128974941,0.458071647199717,-0.0362645182247763
331,29.7600310529528,0.370871785288038,0.416979014866578,-0.0461072295785403
332,27.2556503637791,0.302607815629743,0.350928529064508,-0.048320713434765
333,25.4291438864796,0.248164500961883,0.290513193072534,-0.0423486921106505
334,24.4241091798411,0.215271920728894,0.252407927933981,-0.0371360072050866
335,27.214642731134,0.30128654407563,0.349660480095724,-0.0483739360200938
336,24.7863614014076,0.228464378903811,0.2662936611017,-0.0378292821978888
337,24.7476553147676,0.226941233698371,0.264835246609385,-0.0378940129110136
338,25.3639857410072,0.241772227941321,0.288059495742953,-0.0462872678016323
339,25.4388438670106,0.250118470706123,0.2908800400423,-0.0407615693361771
340,23.333900454101,0.176550048434335,0.207447894284101,-0.0308978458497657
341,27.3935642052623,0.311423080346508,0.355196015271218,-0.0437729349247101
342,27.0958134366519,0.302474624997102,0.345983061259929,-0.0435084362628264
343,24.9492925871178,0.226054711089072,0.272432778471296,-0.0463780673822241
344,27.5833205407878,0.308568093672413,0.360802278176297,-0.0522341845038838
345,23.1467383983247,0.17335814256066,0.199269549923789,-0.0259114073631295
346,20.7127831174401,0.0796020363529951,0.0860506380934621,-0.00644860174046694
347,20.1676088564491,0.0532960979729734,0.0585999587623556,-0.00530386078938225
348,27.188602875129,0.300270853248224,0.348854012000213,-0.0485831587519889
349,24.1520817760545,0.204041487149272,0.241310936449236,-0.0372694492999635
350,29.8022977121983,0.373016130548277,0.417926112511409,-0.0449099819631319
351,32.4301052915382,0.440522106186703,0.470819342461391,-0.0302972362746877
352,32.2526431927502,0.435760618249612,0.467562941961543,-0.0318023237119309
353,31.6313852205475,0.419145530307319,0.456162960415372,-0.0370174301080525
354,33.8483050383821,0.473859895782431,0.49437628086371,-0.0205163850812792
355,29.7346208954355,0.368881157001352,0.416409627997453,-0.0475284709961012
356,25.2370906881435,0.238115813826897,0.283277826361296,-0.0451620125343984
357,20.0197322919565,0.0465022839992993,0.051019898941784,-0.00451761494248462
358,22.9225387895832,0.162244945153897,0.189470086598046,-0.0272251414441494
359,21.038314020336,0.0840852232689482,0.101982221785795,-0.0178969985168468
360,20.817809288099,0.0686984683681057,0.0911906512994919,-0.0224921829313863
361,17.8470000747493,-0.051969222669645,-0.0650998111105652,0.0131305884409202
362,18.7404428886021,-0.0125338450880792,-0.016160369372683,0.00362652428460383
363,11.9117643262147,-0.370259028276222,-0.419470730455552,0.0492117021793307
364,23.677904703958,0.182764701383675,0.221967521786155,-0.03920282040248
365,21.1213811236783,0.0881897978447663,0.106046937724442,-0.0178571398796755
366,20.7646199709593,0.0725981979193275,0.0885875497649093,-0.0159893518455819
367,20.8824534364002,0.0809186315725895,0.094355665788095,-0.0134370342155055
368,22.5785080720666,0.147213407491958,0.174431914247818,-0.0272185067558605
369,18.3952585216708,-0.0160266266340325,-0.0348091829270197,0.0187825562929871
370,14.2557691714282,-0.218872081712248,-0.275850185374765,0.0569781036625164
371,22.3794649509084,0.136963911476149,0.16540662087954,-0.0284427094033905
372,22.2950381034809,0.134246811321479,0.161239200460252,-0.0269923891387731
373,23.626758643585,0.182304330145192,0.219880194496785,-0.0375758643515923
374,23.879460897191,0.191700409218609,0.23018973497159,-0.0384893257529813
375,20.7083820961118,0.0725511510662326,0.0858370186864632,-0.0132858676202306
376,17.7357454664274,-0.0596186132785434,-0.071251293963292,0.0116326806847485
377,24.033069714271,0.195515925808169,0.236455999639682,-0.0409400738315133
378,17.2696495400472,-0.0842835635689313,-0.0974184546933468,0.0131348911244156
379,22.1518653577521,0.121396730263326,0.15483797084108,-0.0334412405777537
380,27.7423778955348,0.311783670101359,0.365216931966312,-0.0534332618649535
381,30.0940709623937,0.381123298435884,0.424458463463641,-0.0433351650277566
382,29.0322675293557,0.352047707380314,0.399505935145006,-0.0474582277646921
383,31.1074260805077,0.405796846727064,0.445820307321417,-0.0400234605943526
384,32.8154963933599,0.448418367312045,0.47741073101924,-0.0289923637071952
385,32.700796379749,0.445773436345045,0.475480683177217,-0.0297072468321715
386,31.183829340591,0.407022025875978,0.447363996205376,-0.0403419703293987
387,28.6951451484707,0.343437257282113,0.391108548839035,-0.0476712915569217
388,21.5816787487763,0.103627789187721,0.128369448871236,-0.0247416596835154
389,30.3438986037922,0.389923419502569,0.430052324845124,-0.0401289053425548
390,28.0983951836171,0.332153235015754,0.375099574362914,-0.0429463393471604
391,22.7451405973509,0.155423716899504,0.181715857099105,-0.0262921401996008
392,28.4798841067899,0.335874262350632,0.385689280999984,-0.0498150186493519
393,3.83656681788158,-0.910798283357432,-0.947041452559769,0.0362431692023376
394,4.67781140109631,-0.847356630680353,-0.891655451114155,0.044298820433802
395,5.61969196093856,-0.776621992106326,-0.827937722789902,0.0513157306835759
396,3.55108495488412,-0.934949283185093,-0.966092131202569,0.0311428480174761
397,3.02861354799349,-0.970553760684101,-1.00165588928253,0.0311021285984321
398,11.3331025300205,-0.369323416230858,-0.455918327795013,0.0865949115641549
399,4.31759436309215,-0.867954966369028,-0.914701228848024,0.0467462624789962
400,4.77177878035738,-0.835813241193626,-0.884342811087204,0.0485295698935777
401,13.4015962902616,-0.252797629310866,-0.326734259723921,0.0739366304130555
402,8.78351167722144,-0.548852781038891,-0.619589604420988,0.0707368233820973
403,7.32902887825647,-0.622405873377495,-0.714712800815733,0.0923069274382382
404,16.4544098747031,-0.0999861204061898,-0.143964716648678,0.0439785962424884
405,16.227337925653,-0.111450871350368,-0.157255497185363,0.045804625834995
406,21.1247191164629,0.0928514277572982,0.106211539364347,-0.0133601116070493
407,21.1329199237126,0.0985041146229081,0.106612264127322,-0.0081081495044136
408,23.0511148794446,0.170092601748248,0.195089974412238,-0.0249973726639895
409,17.8875758377176,-0.0331822981075324,-0.0628562984973661,0.0296740003898337
410,24.95594516869,0.227320534075973,0.272683442331199,-0.045362908255226
411,23.9333196830411,0.199577825723539,0.232386831632667,-0.0328090059091281
412,5.6271370840054,-0.768727275022307,-0.827314006588377,0.0585867315660701
413,6.10450489626198,-0.727171009194723,-0.795631963091613,0.0684609538968903
414,6.85414811784587,-0.665365441680689,-0.745995637335546,0.0806301956548575
415,6.75305721525874,-0.686884479496858,-0.752690674125817,0.0658061946289589
416,13.8893893825957,-0.228134271002129,-0.296643206783861,0.0685089357817318
417,15.6043269199436,-0.141742191022288,-0.193663600883996,0.051921409861708
418,15.9771875900311,-0.12139277558156,-0.171897186836367,0.0505044112548073
419,17.4401151477541,-0.0564653959773982,-0.0877001679335391,0.031234771956141
420,15.1369857751968,-0.165821426273838,-0.221551347758768,0.0557299214849305
421,9.49585944706466,-0.487142214802774,-0.573153554148969,0.0860113393461946
422,10.2080007723236,-0.442570059161067,-0.527587131762332,0.0850170726012648
423,10.7728941776401,-0.403955024588555,-0.491208747417775,0.0872537228292191
424,6.23347176197216,-0.727545119461236,-0.787227685604746,0.0596825661435099
425,7.34508698926073,-0.644963548117171,-0.713681816454882,0.0687182683377108
426,12.0911237223219,-0.327652602081081,-0.407858272428788,0.0802056703477066
427,5.87254373121644,-0.734580698012959,-0.812942807540445,0.0783621095274863
428,12.3975373976003,-0.316104250952004,-0.388983531820602,0.0728792808685976
429,11.2862750811044,-0.381904427837586,-0.458893009704301,0.0769885818667146
430,9.31199397616569,-0.516682506283568,-0.585244516027554,0.0685620097439861
431,17.0134926201341,-0.08234188726423,-0.112022823634625,0.0296809363703955
432,13.7584085149934,-0.240511660054675,-0.304810962210753,0.0642993021560785
433,17.0737128074872,-0.0824384205108501,-0.108588856502573,0.0261504359917227
434,7.30493853562215,-0.649222411177033,-0.716323121569708,0.0671007103926741
435,5.40734857231139,-0.788973528856098,-0.841972588188955,0.0529990593328574
436,2.09738918259688,-1.04326785436879,-1.0638363481628,0.0205684937940072
437,9.96199952009509,-0.436004752025304,-0.543332402340074,0.10732765031477
438,1.84452827664197,-1.06083119456999,-1.08106255374788,0.0202313591778964
439,15.5096484736696,-0.155720563140638,-0.199260101503019,0.043539538362381
440,20.0617322223862,0.048139565881797,0.053172688026624,-0.00503312214482706
441,11.7561825705275,-0.346433297736433,-0.429129920211301,0.0826966224748678
442,17.1837224588522,-0.0762402217807217,-0.102319057353139,0.0260788355724175
443,15.9037328629848,-0.132356385599528,-0.176100232758651,0.0437438471591226
444,14.6157432701903,-0.192074625612538,-0.252516331412688,0.0604417058001493
445,11.0566168520763,-0.388497199300579,-0.473328182024565,0.0848309827239863
446,14.6143372313552,-0.211779451764199,-0.252378974979074,0.0405995232148751
447,11.2206839579056,-0.385346053641148,-0.463060608508408,0.0777145548672593
448,25.4241293137916,0.246058391325119,0.291202198231486,-0.0451438069063663
449,2.76018793685192,-0.965808186432523,-1.01947393335537,0.0536657469228493
450,1.39084861256163,-1.0881433601774,-1.11154287417374,0.0233995139963421
451,4.3916742923495,-0.869199459938437,-0.909814488721421,0.0406150287829845
452,4.88845227965693,-0.831431164534976,-0.876591958789502,0.0451607942545265
453,5.06560038038815,-0.816274931162171,-0.864739934400253,0.0484650032380818
454,5.42874335193624,-0.794212415176693,-0.840561474470903,0.0463490592942096
455,14.8857981439367,-0.181549149792203,-0.236364017070786,0.054814867278583
456,8.43621155942049,-0.559350429439802,-0.642158806768104,0.0828083773283019
457,16.3115292190862,-0.111503251914049,-0.152099990520232,0.0405967386061824
458,10.3866082400976,-0.43724283503275,-0.516875789751135,0.0796329547183852
459,11.7776111555307,-0.351769408870346,-0.427280701856707,0.075511292986361
460,12.285743119404,-0.318217970691649,-0.396047909396664,0.0778299387050149
461,1.81367599238689,-1.058923856384,-1.08297054131927,0.0240466849352734
462,21.8713394533402,0.127301593637911,0.141816417077696,-0.014514823439785
463,24.9475735552426,0.221923028580658,0.272368006863192,-0.0504449782825337
464,6.61875542358829,-0.661036550746002,-0.76156587384884,0.100529323102838
465,25.5649078946751,0.243729844677454,0.295413574896069,-0.0516837302186151
466,12.3783464306141,-0.309522227300555,-0.389840393284725,0.0803181659841698
467,16.5190223046514,-0.102301069594394,-0.140211900670882,0.0379108310764874
468,16.6443323872894,-0.0920858378163336,-0.131820562164799,0.0397347243484658
469,21.3207789502614,0.100570437012335,0.115806143529374,-0.0152357065170391
470,29.5259197973382,0.367541129440581,0.411737057017069,-0.0441959275764887
471,22.2268491386279,0.134242964881398,0.158324623676798,-0.0240816587953997
472,14.0570424748636,-0.241969609574057,-0.286680463902051,0.044710854327994
473,21.7776049062058,0.117031676195812,0.137464865365047,-0.0204331891692351
474,29.1383066726593,0.358214074806787,0.402147265628074,-0.0439331908212876
475,15.3765292904662,-0.165636912742885,-0.207215020770457,0.041578108027572
476,19.3327239237189,0.022584122015861,0.015451774254073,0.00713234776178799
477,14.7073285920249,-0.190352556320665,-0.247265698128589,0.0569131418079242
478,12.3168897690863,-0.335243179684807,-0.39404499051947,0.0588018108346634
479,11.4027253834854,-0.387576393206718,-0.451493866277605,0.0639174730708866
480,25.5734398379953,0.248977188862595,0.295706777604295,-0.0467295887417007
481,27.6573340820303,0.315333681721979,0.362856210459026,-0.0475225287370469
482,11.228068055016,-0.406454911165925,-0.462591429818347,0.0561365186524227
483,17.9471047699046,-0.0336114843736075,-0.059564828767014,0.0259533443934065
484,20.6305639563643,0.0784714038941703,0.0820268065860189,-0.00355540269184863
485,25.7400988733239,0.25540502218392,0.30143406633166,-0.0460290441477402
486,17.1179147448384,-0.0719092279501663,-0.10606889306311,0.0341596651129437
487,17.5063761319829,-0.0590708703847032,-0.08393356880069,0.0248626984159868
488,26.1713616730788,0.273384011431234,0.316254544422986,-0.0428705329917524
489,16.1278115992963,-0.124346648312062,-0.16308022388845,0.0387335755763888
490,15.003817718907,-0.179916809278521,-0.229521260181821,0.0496044509033
491,13.3713575290091,-0.272411144312061,-0.328606820278398,0.0561956759663363
492,26.6098523991647,0.287810043554119,0.330947188091164,-0.0431371445370456
493,25.6417135768987,0.255857674712451,0.298053025678732,-0.0421953509662807
494,12.219820449998,-0.339039428967072,-0.400137076902886,0.0610976479358143
495,25.8803898442998,0.265007823246425,0.306255208490028,-0.0412473852436032
496,23.4423641865037,0.173580531246501,0.212190955037056,-0.0386104237905551
497,11.4246042704967,-0.376224238440752,-0.450103702114421,0.0738794636736687
498,26.4588712270537,0.281594577022775,0.326134897994684,-0.0445403209719092
499,19.9148585998176,0.0464082789150078,0.0456443913500431,0.000763887564964635
500,11.02381604043,-0.39968960463159,-0.475569412397523,0.0758798077659325
501,13.43643272319,-0.259253824909197,-0.324577985280705,0.0653241603715072
502,29.4038013721131,0.359746899895394,0.408760476853182,-0.0490135769577884
503,25.9628739021816,0.257401830922997,0.309089798367403,-0.0516879674444052
504,18.7042709034388,0.00382067492639808,-0.0180913885538244,0.0219120634802224
505,17.0174196634074,-0.0668934234226339,-0.111798142881711,0.044904719459077
506,20.6362665323279,0.0667201648223274,0.0823058921992867,-0.0155857273769593
507,19.6183321672079,0.0215294525725966,0.0304453450734273,-0.00891589250083069
508,24.9127556297803,0.227644036968171,0.27105609500358,-0.0434120580354092
509,23.7300464136227,0.184390803921281,0.224094572428669,-0.0397037685073879
510,26.4323902429203,0.277065749622983,0.325224870927252,-0.0481591213042691
511,21.4304915572924,0.105250275971905,0.121175512641331,-0.015925236669426
512,8.20474524523986,-0.567982969858099,-0.65782059466894,0.0898376248108407
513,23.5750376559329,0.186595234229238,0.217771198885595,-0.0311759646563566
514,18.4208527467467,-0.0204267195126509,-0.033370385247921,0.01294366573527
515,8.88291198358139,-0.529037394985647,-0.613138764622861,0.0841013696372144
516,21.5623034778042,0.113124573405615,0.12746966710085,-0.014345093695235
517,8.26300892105393,-0.590130722174836,-0.653495077876429,0.0633643557015928
518,19.9005919718993,0.0446390860007989,0.0449131271665534,-0.000274041165754531
519,16.2260397125682,-0.128917956808734,-0.157331019683128,0.028413062874394
520,16.4789645254572,-0.111535833206587,-0.1425275547649,0.0309917215583133
521,16.7305803771228,-0.0930011923546216,-0.128150922613679,0.0351497302590575
522,26.855813870055,0.284313810502081,0.340210584604088,-0.0558967741020076
523,14.7094352500865,-0.189932597681094,-0.247139617556977,0.0572070198758829
524,25.6750079826722,0.252637772206487,0.299197198049231,-0.0465594258427433
525,15.5161877546108,-0.157329602735301,-0.198878025459002,0.0415484227237009
526,14.381317377475,-0.215344487442152,-0.266909910641157,0.0515654231990041
