"slope","f","lo","hi","pooled_log_FR"
0.5,-1.17150439810192,-1.17150439810192,-1.17150439810192,-2.15193099905394
1,-1.1377831866447,-1.14576307247457,-1.12980330081484,-2.13313338786673
1.5,-1.10407082633496,-1.12001231280603,-1.08812933986389,-2.11468261711854
2,-1.07037616832017,-1.09424269271563,-1.0465096439247,-2.14283056298639
2.5,-1.0367080637478,-1.06844480126736,-1.00497132622823,-2.17179382044576
3,-1.00307536376532,-1.04260925100433,-0.963541476526309,-2.06092499874113
3.5,-0.969486919520218,-1.01672668636751,-0.922247152672927,-1.96113048241003
4,-0.93595158215996,-0.990787792642697,-0.881115371677223,-1.70337221242566
4.5,-0.902478202832022,-0.964783305594891,-0.840173100069152,-1.49862240488766
5,-0.869075632683877,-0.938704021968333,-0.799447243399422,-1.41312437702585
5.5,-0.835752722863001,-0.91254081105586,-0.758964634670143,-1.33436398678563
6,-0.802518324516868,-0.886284627572899,-0.718752021460836,-1.34519292311035
6.5,-0.769381288792951,-0.85992652611139,-0.678836051474511,-1.35614041024735
7,-0.736350466838725,-0.833457677498844,-0.639243256178605,-1.28267312450394
7.5,-0.703434709801664,-0.806869387449961,-0.600000032153366,-1.2142358467985
8,-0.670642868829242,-0.780153117975882,-0.561132619682602,-1.15294056507529
8.5,-0.637983795068934,-0.753300512113148,-0.52266707802472,-1.09518638645871
9,-0.605466339668214,-0.726303422655924,-0.484629256680504,-0.981476665798195
9.5,-0.573099353774556,-0.69915394572774,-0.447044761821372,-0.879386790633801
10,-0.540891688535435,-0.671844460221555,-0.409938916849314,-0.883303853712014
10.5,-0.508852195098323,-0.644367674380887,-0.37333671581576,-0.887236320530581
11,-0.476989724610697,-0.616716681105114,-0.33726276811628,-0.758101385324717
11.5,-0.44531312822003,-0.588885023958706,-0.301741232481354,-0.643751229944338
12,-0.413831257073796,-0.560866776373739,-0.266795737773853,-0.608496897403227
12.5,-0.38255296231947,-0.532656637192661,-0.23244928744628,-0.57444322448418
13,-0.351487095104525,-0.504250046551267,-0.198724143657784,-0.550510142518939
13.5,-0.320642506576437,-0.475643327213443,-0.16564168593943,-0.527136490169386
14,-0.290030727862013,-0.446843774709237,-0.133217681014789,-0.539208263493007
14.5,-0.259674010005397,-0.417899087756598,-0.101448932254196,-0.551427547051156
15,-0.229597284030069,-0.388866760802869,-0.0703278072572685,-0.459818685344084
15.5,-0.199825480959506,-0.359803930004492,-0.03984703191452,-0.375902239745998
16,-0.170383531817188,-0.33076725090619,-0.00999981272818634,-0.297051628282929
16.5,-0.141296367626592,-0.301812773980671,0.0192200387274872,-0.223966585176705
17,-0.112588919411197,-0.27299581663983,0.0478179778174363,-0.234979371176588
17.5,-0.0842861181944814,-0.244370831488931,0.0757985950999679,-0.246114790418827
18,-0.0564128949999241,-0.215991271699291,0.103165481699443,-0.168863801484478
18.5,-0.0289941808510028,-0.187909455485329,0.129921093783323,-0.0971549499618083
19,-0.00205490677119635,-0.160176432816223,0.15606661927383,-0.100056392257277
19.5,0.0243799962160165,-0.132841858669816,0.181601851101849,-0.102966277422579
20,0.0502855970871574,-0.105953878320794,0.206525072495109,-0.0476990368455942
20.5,0.0756369648187485,-0.0795590312991241,0.230832960936621,0.00467304505572569
21,0.100409168387311,-0.0537021816934595,0.254520518468081,0.0196218647542767
21.5,0.124577276769366,-0.0284264833322639,0.277581036870996,0.0343505046310935
22,0.148116358941435,-0.0037733889744484,0.300006106857319,0.102151790417409
22.5,0.171001483880041,0.020217287090233,0.321785680669848,0.165646508050768
23,0.193207720561704,0.0435072437491197,0.342908197374288,0.201238421983349
23.5,0.214710137962946,0.0660594963411222,0.363360779584769,0.235606968855111
24,0.235483805060288,0.0878381007316419,0.383129509388934,0.262881085117775
24.5,0.255503790830253,0.1088077918336,0.402199789826906,0.28943103136217
25,0.274745164249361,0.128933532072819,0.420556796425902,0.307321334918589
25.5,0.293182994294134,0.14817996762444,0.438186020963829,0.324897192802865
26,0.310792349941094,0.166510793148352,0.455073906733837,0.389991483141817
26.5,0.327548300166762,0.183888029416006,0.471208570917519,0.451106233170162
27,0.343436980331137,0.200285854744621,0.486588105917654,0.435925737255708
27.5,0.358488791328126,0.215734056456517,0.501243526199736,0.420511237020381
28,0.372745200435113,0.23027474429396,0.515215656576267,0.458339966128836
28.5,0.386247674929481,0.243948529580916,0.528546820278047,0.494789690062395
29,0.399037682088615,0.25679526962809,0.54128009454914,0.499537620877432
29.5,0.411156689189898,0.268854750593412,0.553458627786385,0.504263115329793
30,0.422646163510715,0.280167296944535,0.565125030076895,0.557921793329315
30.5,0.433547572328448,0.29077429691424,0.576320847742656,0.608847256012748
31,0.443902382920483,0.300718635055348,0.587086130785618,0.589873675947629
31.5,0.453752062564203,0.310045025354358,0.597459099774047,0.570533125172125
32,0.463138078536992,0.318800241327905,0.607475915746079,0.585550045545175
32.5,0.472101898116233,0.32703324290667,0.617170553325797,0.60034479030091
33,0.480684988579312,0.334795203387266,0.626574773771357,0.574611761260545
33.5,0.488928817203611,0.342139442927974,0.635718191479249,0.548199013722809
34,0.496874851266515,0.349121277622953,0.644628424910078,0.655248828912405
34.5,0.504564558045408,0.355797794838432,0.653331321252384,0.751939043413924
35,0.512039404817674,0.362227566083699,0.661851243551648,0.712238707171042
35.5,0.519340858860695,0.36847030820325,0.670211409518141,0.67089686124705
36,0.526510387451857,0.374586502214372,0.678434272689343,0.660454068645592
36.5,0.533589457868543,0.380636976857538,0.686541938879547,0.649901072279704
37,0.540619537388138,0.386682461093984,0.694556613682292,0.735436760532056
37.5,0.547642093288024,0.392783106593924,0.702501079982123,0.814229105357008
38,0.554698592845586,0.398997977901578,0.710399207789595,0.782422531815431
38.5,0.561830503338209,0.405384504594332,0.718276502082086,0.749570971724815
39,0.569079292043275,0.411997886499689,0.726160697586861,0.738084309978014
39.5,0.57648642623817,0.418890440018039,0.734082412458301,0.726464170130662
40,0.584093373200275,0.426110870985156,0.742075875415395,0.79810305382937
40.5,0.591941600206977,0.433703457561025,0.750179742852928,0.864951106226436
41,0.600064537816708,0.441694760141334,0.758434315492082,0.836964845128774
41.5,0.608463469712105,0.450057344425107,0.766869594999104,0.808172746739372
42,0.617131642856855,0.458750076522338,0.775513209191372,0.802131717766307
42.5,0.626062304214642,0.467732010651001,0.784392597778283,0.796053972847761
43,0.635248700749153,0.476963487374577,0.793533914123729,0.875787348193815
43.5,0.644684079424076,0.486407153918149,0.802961004930003,0.949630102172597
44,0.654361687203095,0.496028895254427,0.812694479151763,0.883687354237574
44.5,0.664274771049897,0.505798655089167,0.822750887010627,0.81308723389154
45,0.674416577928168,0.515691120001765,0.833142035854571,0.824429790312194
45.5,0.684780354801595,0.525686238476947,0.843874471126244,0.835645134707714
46,0.695359348633865,0.5357695496168,0.854949147650929,0.794143050782475
46.5,0.706146806388661,0.545932303518227,0.866361309259094,0.750843683772647
47,0.717135975029671,0.556171365507714,0.878100584551628,0.900775699788416
47.5,0.728320101520583,0.566488907957251,0.890151295083916,1.0311313739777
48,0.739692432825081,0.576891904339696,0.902492961310465,1.01479582949941
48.5,0.751246215906851,0.587391448755078,0.915100983058624,0.998188997241263
49,0.76297469772958,0.59800192911736,0.927947466341801,1.14300836608352
49.5,0.774871125256955,0.60874008299247,0.94100216752144,1.26948368552051
50,0.786928745452661,0.619623961903759,0.954233529001564,1.22527281957248
50.5,0.799140805280385,0.630671823522063,0.967609787038707,1.17901657652843
51,0.811500551703813,0.641900962618096,0.981100140789529,1.17361602334843
51.5,0.824001231686631,0.653326482160441,0.99467598121282,1.16818614575406
52,0.836636092192525,0.664959996626881,1.00831218775817,1.09849171579696
52.5,0.849398380185181,0.676808251506174,1.02198850886419,1.02357364103735
53,0.862281342628286,0.688871637143253,1.03569104811332,1.05959998142364
53.5,0.875278226485527,0.701142572748473,1.04941388022258,1.09437343089348
54,0.888382846058006,0.713600953209877,1.06316473890613,1.13922180437544
54.5,0.9015912849965,0.726205395835108,1.07697717415789,1.18214484066397
55,0.9149001942892,0.738903676064354,1.09089671251405,1.09405317064763
55.5,0.928306224924302,0.751636895508198,1.10497555434041,0.997445096839078
56,0.941806027889996,0.764340737747107,1.11927131803289,1.17642012162375
56.5,0.955396254174478,0.77694687903205,1.13384562931691,1.32817354611545
57,0.969073554765939,0.789384588749954,1.14876252078192,1.43413349141774
57.5,0.982834580652573,0.801582523465591,1.16408663783956,1.52993384653939
58,0.996675982822573,0.813470679685006,1.17988128596014,1.47501351123271
58.5,1.01059441226413,0.824982428602734,1.19620639592553,1.41690075492976
59,1.02458651996544,0.83605651834385,1.21311652158703,1.38163061587931
59.5,1.0386489569147,0.84663890460051,1.23065900922889,1.34507087097604
60,1.05277837410009,0.856684267149844,1.24887248105034,1.38878618093818
60.5,1.06697142250982,0.866157091486347,1.26778575353329,1.43067023701703
61,1.08122475313207,0.875032239299687,1.28741726696445,1.27283463279848
61.5,1.09553501695504,0.883294989956962,1.30777504395311,1.08533126266826
62,1.10989886496691,0.890940594821532,1.3288571351123,0.975698619884332
62.5,1.1243129481559,0.897973434741158,1.35065246157063,0.852549631130045
63,1.13877391751017,0.904405900049766,1.37314193497058,1.07760886313061
63.5,1.15327842401794,0.910257119639718,1.39629972839617,1.26120550461928
64,1.16782311866739,0.915551654263358,1.42009458307143,1.23676093057495
64.5,1.18240465244672,0.920318245701488,1.44449105919195,1.21170381474258
65,1.19701967634412,0.924588684967074,1.46945066772116,1.44969449591392
65.5,1.21166484134778,0.928396835184281,1.49493284751127,1.64179307130421
66,1.22633679844589,0.93177782189404,1.52089577499774,1.93251049231793
66.5,1.24103219862665,0.934767386821309,1.54729701043199,2.15747084018671
67,1.25574769287826,0.937401390518553,1.57409399523796,2.31974661423179
67.5,1.27047993218889,0.93971544377792,1.60124442059987,2.45932879500317
68,1.28522556754676,0.941744645945468,1.62870648914805,2.03951471158807
68.5,1.29998124994005,0.943523408980602,1.65643909089949,1.30204227385636
69,1.31474363035695,0.945085348220862,1.68440191249303,1.56692567058511
69.5,1.32950935978565,0.946463223561308,1.71255549601,1.77613627651116
