"variant","model","DIC","WAIC","MI_res","var_iid","var_spatial","var_id","rho","sd_latent_field","cor_M5_field_with_published"
"mean slope (published)","M1",10940.5320673873,27103.6769729417,0.512549076885228,NA,NA,NA,NA,NA,NA
"mean slope (published)","M4",2551.10481513706,2563.64344292569,0.0887646867673842,0.688552740322193,0.876185996234784,NA,NA,1.8494471885304,NA
"mean slope (published)","M5",2571.5962545733,2618.36689681124,-0.172217255822279,NA,NA,2.50981161666321,0.893880195253819,1.40889022880539,1
"S_c (slope-scale integrated)","M1",10596.7876875763,27381.4555545572,0.501971733032441,NA,NA,NA,NA,NA,NA
"S_c (slope-scale integrated)","M4",2549.96779592429,2562.8048573646,0.0966469234898821,0.698042639763067,0.82096229625832,NA,NA,1.78770079324724,NA
"S_c (slope-scale integrated)","M5",2567.88171958574,2612.75280194135,-0.179536271143937,NA,NA,2.46323752857347,0.886584045497284,1.37210433782032,0.99471168876895
"mean slope + S_c","M1",10146.1784343213,27242.2635947942,0.488719791174442,NA,NA,NA,NA,NA,NA
"mean slope + S_c","M4",2550.12677089595,2563.55329287086,0.0995704336123157,0.703481051069561,0.813685612206361,NA,NA,1.77110186579813,NA
"mean slope + S_c","M5",2564.93175537501,2609.15035001349,-0.181618309749328,NA,NA,2.46063122719331,0.885549160001349,1.37010539462668,0.979861874555922
"S_c as fixed offset","M1",11774.2316912445,15777.3584092757,0.514472208059751,NA,NA,NA,NA,NA,NA
"S_c as fixed offset","M4",2551.00036322959,2561.54352607479,0.0835700107614231,0.642509691888776,1.09689191365942,NA,NA,1.72921209664559,NA
"S_c as fixed offset","M5",2574.47119709756,2625.60188534481,-0.14256213502036,NA,NA,2.66376972585786,0.926655155419207,1.59976198344326,0.949659809111286
