"mean","sd","0.025quant","0.5quant","0.975quant","mode","kld","model","term"
-15.5509522400983,0.0130254602968048,-15.5764816731621,-15.5509522400983,-15.5254228070345,-15.5509522400983,0,"M1","(Intercept)"
0.150626693919639,0.0131627725875131,0.124828133711423,0.150626693919639,0.176425254127856,0.150626693919639,0,"M1","RainfallDaysmean"
0.412570241524749,0.0154410011860576,0.382306435314836,0.412570241524749,0.442834047734663,0.412570241524749,0,"M1","elev_mean"
0.617356323308916,0.012751773000036,0.592363307489815,0.617356323308916,0.642349339128017,0.617356323308916,0,"M1","slope_mean"
-15.6836125206766,0.141947251692154,-15.9753414855247,-15.6832646823112,-15.3936310391416,-15.6832939163715,0.00165113422760036,"M2","(Intercept)"
0.298620625973182,0.0149976499333589,0.269211367266748,0.298620749722433,0.328029180284741,0.29862075040316,5.52504960727764e-11,"M2","RainfallDaysmean"
0.485368995475887,0.0159502455355545,0.454092168909567,0.485368987519029,0.516645867383853,0.48536898749016,5.53121096864286e-11,"M2","elev_mean"
0.660893883946146,0.0131083022854808,0.63518989346563,0.660893852396284,0.686598054096006,0.660893852248164,5.53241423082521e-11,"M2","slope_mean"
-16.8561540013987,0.356247810933732,-17.58677564801,-16.8524296520087,-16.1443607483809,-16.8525822622746,0.00219826634479382,"M3","(Intercept)"
1.35634742249172,0.115412286011246,1.13108613414657,1.35596685526559,1.58380670030424,1.35597378534396,2.93209402883e-09,"M3","RainfallDaysmean"
0.832997511032684,0.128102939299428,0.58306094721845,0.832511076953416,1.08570477101209,0.83251087520605,3.95947937357155e-09,"M3","elev_mean"
0.728905783123659,0.0942409853947405,0.544881393299955,0.728602232982596,0.914659761701323,0.728602224685795,2.93799768630938e-09,"M3","slope_mean"
-16.744751834766,0.0765257328399316,-16.8967849285,-16.7440415859049,-16.5966766003955,-16.7440145500262,2.06237197952416e-08,"M4","(Intercept)"
0.138850720244839,0.134964489914494,-0.124523265525628,0.13834174359401,0.405071925434445,0.13832674328078,3.63262228167426e-09,"M4","RainfallDaysmean"
0.410135213682783,0.118525941229036,0.17807452384761,0.4099489043593,0.643255813523903,0.409948060578107,1.43758261395474e-09,"M4","elev_mean"
0.742032487295078,0.0905287316901034,0.564760092347036,0.74190967511935,0.920003336552824,0.741908961543462,8.68897171396696e-10,"M4","slope_mean"
-16.7495527907642,0.241221679021802,-17.2532684778353,-16.7412882446234,-16.2932062995193,-16.7416407951841,1.64635882356936e-07,"M5","(Intercept)"
0.122613294114027,0.154066774864718,-0.177597614077421,0.121811670344713,0.427344380131612,0.121798427126197,8.46065306324149e-09,"M5","RainfallDaysmean"
0.652063139376891,0.128648889905787,0.399882500757196,0.651965013333474,0.904810273324552,0.65196684453096,1.03857567730907e-09,"M5","elev_mean"
0.840423115509144,0.105590329703868,0.633479880993139,0.840330563418892,1.04790122446002,0.840332484689809,1.06098882496289e-09,"M5","slope_mean"
