"model","ID","mean","sd","0.025quant","0.5quant","0.975quant","mode","kld"
"M2","Atrato",-0.131834076372521,0.142125675162659,-0.423534594273328,-0.131611698593103,0.158750371727257,-0.131629917665916,0.00163707538988917
"M2","Cauca",0.311015981106661,0.141944190313867,0.0219186139377655,0.310321478332729,0.603600785924236,0.310378943481743,0.00165163213430996
"M2","Magdalena",-0.179181600297234,0.142257468481204,-0.471708048631321,-0.178713613708699,0.110980945901414,-0.178753546579158,0.00162682317067029
"M3","Atrato",-0.514518363373972,0.361237191994752,-1.25224311101836,-0.511212250379225,0.207226299920855,-0.511210316554568,0.0020033418936526
"M3","Cauca",0.753875352766684,0.36594554949229,0.041503129072887,0.744675506669751,1.5149582685529,0.74483403477935,0.0018481705753488
"M3","Magdalena",-0.239364458971618,0.372795097679418,-1.00533431211368,-0.233391430291192,0.494305952696517,-0.233732610772039,0.00162705557831332
"M4","Atrato",-0.00134295289611266,0.0105468653842171,-0.0264652422782151,-0.000773952612543475,0.0194681095617766,-0.00105353710941174,0.000836370421487117
"M4","Cauca",0.0010987319601968,0.0105054590438646,-0.0200374442163311,0.00063378530820964,0.0257657537407398,0.000865787833922885,0.000792818199695169
"M4","Magdalena",0.000243374707434983,0.010445763371647,-0.0221863434554966,0.000139670350588465,0.0234663412238518,0.000193503999489831,0.00072767348356422
"M5","Atrato",7.39069221042859e-05,0.0100670203481441,-0.0218180883614646,4.18082122791134e-05,0.0222191225601773,5.91959336518284e-05,0.000772363290541761
"M5","Cauca",-0.000496475684374686,0.0100646272441603,-0.0233064941912058,-0.00028681902382834,0.0206851323355307,-0.000396071427852424,0.000775716370740307
"M5","Magdalena",0.000422386639416243,0.0100715117029046,-0.0209064028156734,0.0002447051621495,0.0231281825734735,0.000337093602342718,0.00078143123658631
