"fold","model","n_test","mean_loglik","rmse","mae"
1,"M1",98,-15.1186815710048,38.5790150259314,23.8837324882204
1,"M2",98,-17.1637463545381,43.3771729824233,25.4996367592708
1,"M3",98,-490047328.218437,1926920261.68656,490047515.776002
1,"M4",98,-24.3845836842208,67.5888297519307,35.6952876818907
1,"M5",98,-399.813999477418,2866.31042948537,414.238185508439
2,"M1",96,-12.8607066975827,41.2213745527841,20.4596907550311
2,"M2",96,-13.1100712163503,49.9720424142191,20.6454009330838
2,"M3",96,-49.5616671630049,173.181930143825,59.199587528739
2,"M4",96,-43.9106316580949,117.626810416827,61.4855860690015
2,"M5",96,-49.1734177200906,120.764473768887,61.8291277803386
3,"M1",125,-8.53505330547183,22.9259165830218,9.80565401706241
3,"M2",125,-8.19662383515244,22.2034678722763,9.19379999249361
3,"M3",125,-675892.977021395,3884308.76604923,675919.507299072
3,"M4",125,-10.8492194393415,24.3554572777164,15.0691777194336
3,"M5",125,-8.57841073343785,20.5088320424865,11.2965311216557
4,"M1",110,-20.4479328730434,34.5975426354189,16.2385994894285
4,"M2",110,-20.4103231711682,34.5777508026243,16.2349134098015
4,"M3",110,-25.8145646481446,61.1925752369896,27.4598696329321
4,"M4",110,-13.6868077642307,30.0018433149404,13.026050939776
4,"M5",110,-19.6468274534339,32.8566917085585,14.8031902510096
5,"M1",97,-23.1443921632122,47.4147602109263,27.2820321111443
5,"M2",97,-23.763952358977,47.8937744039268,27.1803573960334
5,"M3",97,-67.2992722876415,169.733938299279,64.2181345112161
5,"M4",97,-22.9842585287935,48.349866111625,28.1097486477567
5,"M5",97,-1331.27525557887,9552.81883766057,1338.88595742781
