,RainfallDaysmean,elev_mean,slope_mean,TWI,curvature,drainage_density,area,hypso_inte,Densidad,rel_mean,rainfallAnnual_mean
RainfallDaysmean,1.0,-0.6430182225715111,-0.3229035949130551,0.3113690570772757,0.03505884554913413,0.0635882117876709,-0.0024369749093905305,-0.3356247046650731,-0.2027049082946606,-0.3272103757689037,0.9839738997591914
elev_mean,-0.6430182225715111,1.0,0.570439819797653,-0.5894384725571912,0.01226516365403154,-0.14828090317763018,0.0732362619337897,0.37750518789555687,0.4700326825426854,0.5448452103427815,-0.6174171513965389
slope_mean,-0.3229035949130551,0.570439819797653,1.0,-0.8005560379842737,0.03595746848865165,-0.11553420443784593,-0.011770331653311141,0.3729971339000606,0.9123739065983553,0.9582156720898746,-0.28533955468719124
TWI,0.3113690570772757,-0.5894384725571912,-0.8005560379842737,1.0,-0.0009068289869272483,0.15051020537624363,-0.0020224893160914878,-0.3863398591358081,-0.7448681712703317,-0.7502810863757576,0.2827870495332
curvature,0.03505884554913413,0.01226516365403154,0.03595746848865165,-0.0009068289869272483,1.0,-0.05397248117464145,-0.03476702087231701,0.073011819421554,0.10171076712512875,0.03888337886475178,0.03144032395197922
drainage_density,0.0635882117876709,-0.14828090317763018,-0.11553420443784593,0.15051020537624363,-0.05397248117464145,1.0,0.10814888476242225,-0.09004818127434155,-0.09025659898639718,-0.14054215505682122,0.07633526463271137
area,-0.0024369749093905305,0.0732362619337897,-0.011770331653311141,-0.0020224893160914878,-0.03476702087231701,0.10814888476242225,1.0,-0.07058521208321827,-0.10865692432762696,0.007907642126335945,0.009750287362491958
hypso_inte,-0.3356247046650731,0.37750518789555687,0.3729971339000606,-0.3863398591358081,0.073011819421554,-0.09004818127434155,-0.07058521208321827,1.0,0.3427007788585973,0.3829688933279963,-0.35338074192539737
Densidad,-0.2027049082946606,0.4700326825426854,0.9123739065983553,-0.7448681712703317,0.10171076712512875,-0.09025659898639718,-0.10865692432762696,0.3427007788585973,1.0,0.8148794944250328,-0.17270463714786474
rel_mean,-0.3272103757689037,0.5448452103427815,0.9582156720898746,-0.7502810863757576,0.03888337886475178,-0.14054215505682122,0.007907642126335945,0.3829688933279963,0.8148794944250328,1.0,-0.28599819463117065
rainfallAnnual_mean,0.9839738997591914,-0.6174171513965389,-0.28533955468719124,0.2827870495332,0.03144032395197922,0.07633526463271137,0.009750287362491958,-0.35338074192539737,-0.17270463714786474,-0.28599819463117065,1.0
