Model,Term,Mean,SD,95% CrI
M1,Intercept,-15.551,0.013,"[-15.576, -15.525]"
M1,Rainfall days,0.151,0.013,"[0.125, 0.176]"
M1,Mean elevation,0.413,0.015,"[0.382, 0.443]"
M1,Mean slope,0.617,0.013,"[0.592, 0.642]"
M2,Intercept,-15.684,0.142,"[-15.975, -15.394]"
M2,Rainfall days,0.299,0.015,"[0.269, 0.328]"
M2,Mean elevation,0.485,0.016,"[0.454, 0.517]"
M2,Mean slope,0.661,0.013,"[0.635, 0.687]"
M3,Intercept,-16.856,0.356,"[-17.587, -16.144]"
M3,Rainfall days,1.356,0.115,"[1.131, 1.584]"
M3,Mean elevation,0.833,0.128,"[0.583, 1.086]"
M3,Mean slope,0.729,0.094,"[0.545, 0.915]"
M4,Intercept,-16.745,0.077,"[-16.897, -16.597]"
M4,Rainfall days,0.139,0.135,"[-0.125, 0.405]"
M4,Mean elevation,0.41,0.119,"[0.178, 0.643]"
M4,Mean slope,0.742,0.091,"[0.565, 0.920]"
M5,Intercept,-16.75,0.241,"[-17.253, -16.293]"
M5,Rainfall days,0.123,0.154,"[-0.178, 0.427]"
M5,Mean elevation,0.652,0.129,"[0.400, 0.905]"
M5,Mean slope,0.84,0.106,"[0.633, 1.048]"
